              x	              y	              z	           time	in	           Distance	               Time	                 Na	                 Cl	                 Br	
              0	              0	              0	            0.2	 1	   0.0000000000e+00	   0.0000000000e+00	   1.0000585596e-03	   9.9750956148e-04	   2.5489981119e-06	
            0.1	              0	              0	            0.2	 1	   0.0000000000e+00	   0.0000000000e+00	   1.0000586595e-03	   9.9526300773e-04	   4.7956517286e-06	
            0.2	              0	              0	            0.2	 1	   0.0000000000e+00	   0.0000000000e+00	   1.0000588088e-03	   9.9190308553e-04	   8.1557232940e-06	
            0.3	              0	              0	            0.2	 1	   0.0000000000e+00	   0.0000000000e+00	   1.0000590228e-03	   9.8708929220e-04	   1.2969730609e-05	
            0.4	              0	              0	            0.2	 1	   0.0000000000e+00	   0.0000000000e+00	   1.0000593183e-03	   9.8044294679e-04	   1.9616371478e-05	
            0.5	              0	              0	            0.2	 1	   0.0000000000e+00	   0.0000000000e+00	   1.0000597130e-03	   9.7156298966e-04	   2.8496723354e-05	
            0.6	              0	              0	            0.2	 1	   0.0000000000e+00	   0.0000000000e+00	   1.0000602249e-03	   9.6004711355e-04	   4.0013111389e-05	
            0.7	              0	              0	            0.2	 1	   0.0000000000e+00	   0.0000000000e+00	   1.0000608709e-03	   9.4551684352e-04	   5.4544027349e-05	
            0.8	              0	              0	            0.2	 1	   0.0000000000e+00	   0.0000000000e+00	   1.0000616654e-03	   9.2764450917e-04	   7.2417156195e-05	
            0.9	              0	              0	            0.2	 1	   0.0000000000e+00	   0.0000000000e+00	   1.0000626196e-03	   9.0617962214e-04	   9.3882997427e-05	
              1	              0	              0	            0.2	 1	   0.0000000000e+00	   0.0000000000e+00	   1.0000637401e-03	   8.8097206608e-04	   1.1909167407e-04	
            1.1	              0	              0	            0.2	 1	   0.0000000000e+00	   0.0000000000e+00	   1.0000650285e-03	   8.5198974621e-04	   1.4807528232e-04	
            1.2	              0	              0	            0.2	 1	   0.0000000000e+00	   0.0000000000e+00	   1.0000664805e-03	   8.1932889201e-04	   1.8073758845e-04	
            1.3	              0	              0	            0.2	 1	   0.0000000000e+00	   0.0000000000e+00	   1.0000680858e-03	   7.8321597130e-04	   2.1685211455e-04	
            1.4	              0	              0	            0.2	 1	   0.0000000000e+00	   0.0000000000e+00	   1.0000698291e-03	   7.4400104025e-04	   2.5606878889e-04	
            1.5	              0	              0	            0.2	 1	   0.0000000000e+00	   0.0000000000e+00	   1.0000716899e-03	   7.0214319763e-04	   2.9792849231e-04	
            1.6	              0	              0	            0.2	 1	   0.0000000000e+00	   0.0000000000e+00	   1.0000736439e-03	   6.5818952706e-04	   3.4188411686e-04	
            1.7	              0	              0	            0.2	 1	   0.0000000000e+00	   0.0000000000e+00	   1.0000756640e-03	   6.1274942023e-04	   3.8732624376e-04	
            1.8	              0	              0	            0.2	 1	   0.0000000000e+00	   0.0000000000e+00	   1.0000777215e-03	   5.6646643845e-04	   4.3361128309e-04	
            1.9	              0	              0	            0.2	 1	   0.0000000000e+00	   0.0000000000e+00	   1.0000797877e-03	   5.1998988862e-04	   4.8008989910e-04	
              2	              0	              0	            0.2	 1	   0.0000000000e+00	   0.0000000000e+00	   1.0000818346e-03	   4.7394809356e-04	   5.2613374102e-04	
            2.1	              0	              0	            0.2	 1	   0.0000000000e+00	   0.0000000000e+00	   1.0000838362e-03	   4.2892497696e-04	   5.7115885922e-04	
            2.2	              0	              0	            0.2	 1	   0.0000000000e+00	   0.0000000000e+00	   1.0000857694e-03	   3.8544112432e-04	   6.1464464504e-04	
            2.3	              0	              0	            0.2	 1	   0.0000000000e+00	   0.0000000000e+00	   1.0000876144e-03	   3.4393998580e-04	   6.5614762862e-04	
            2.4	              0	              0	            0.2	 1	   0.0000000000e+00	   0.0000000000e+00	   1.0000893554e-03	   3.0477941069e-04	   6.9530994476e-04	
            2.5	              0	              0	            0.2	 1	   0.0000000000e+00	   0.0000000000e+00	   1.0000909805e-03	   2.6822829000e-04	   7.3186269051e-04	
            2.6	              0	              0	            0.2	 1	   0.0000000000e+00	   0.0000000000e+00	   1.0000924815e-03	   2.3446775984e-04	   7.6562472171e-04	
            2.7	              0	              0	            0.2	 1	   0.0000000000e+00	   0.0000000000e+00	   1.0000938542e-03	   2.0359619712e-04	   7.9649765707e-04	
            2.8	              0	              0	            0.2	 1	   0.0000000000e+00	   0.0000000000e+00	   1.0000950974e-03	   1.7563712003e-04	   8.2445797737e-04	
            2.9	              0	              0	            0.2	 1	   0.0000000000e+00	   0.0000000000e+00	   1.0000962130e-03	   1.5054907714e-04	   8.4954713588e-04	
              3	              0	              0	            0.2	 1	   0.0000000000e+00	   0.0000000000e+00	   1.0000972053e-03	   1.2823665533e-04	   8.7186054999e-04	
            3.1	              0	              0	            0.2	 1	   0.0000000000e+00	   0.0000000000e+00	   1.0000980804e-03	   1.0856183618e-04	   8.9153624425e-04	
            3.2	              0	              0	            0.2	 1	   0.0000000000e+00	   0.0000000000e+00	   1.0000988458e-03	   9.1355064182e-05	   9.0874378171e-04	
            3.3	              0	              0	            0.2	 1	   0.0000000000e+00	   0.0000000000e+00	   1.0000995101e-03	   7.6425538475e-05	   9.2367397172e-04	
            3.4	              0	              0	            0.2	 1	   0.0000000000e+00	   0.0000000000e+00	   1.0001000822e-03	   6.3570388338e-05	   9.3652969403e-04	
            3.5	              0	              0	            0.2	 1	   0.0000000000e+00	   0.0000000000e+00	   1.0001005715e-03	   5.2582529860e-05	   9.4751804176e-04	
            3.6	              0	              0	            0.2	 1	   0.0000000000e+00	   0.0000000000e+00	   1.0001009869e-03	   4.3257119262e-05	   9.5684386779e-04	
            3.7	              0	              0	            0.2	 1	   0.0000000000e+00	   0.0000000000e+00	   1.0001013373e-03	   3.5396613821e-05	   9.6470472364e-04	
            3.8	              0	              0	            0.2	 1	   0.0000000000e+00	   0.0000000000e+00	   1.0001016309e-03	   2.8814522896e-05	   9.7128710822e-04	
            3.9	              0	              0	            0.2	 1	   0.0000000000e+00	   0.0000000000e+00	   1.0001018754e-03	   2.3337980365e-05	   9.7676389535e-04	
              4	              0	              0	            0.2	 1	   0.0000000000e+00	   0.0000000000e+00	   1.0001020779e-03	   1.8809298542e-05	   9.8129277970e-04	
            4.1	              0	              0	            0.2	 1	   0.0000000000e+00	   0.0000000000e+00	   1.0001022446e-03	   1.5086675662e-05	   9.8501556933e-04	
            4.2	              0	              0	            0.2	 1	   0.0000000000e+00	   0.0000000000e+00	   1.0001023812e-03	   1.2044228036e-05	   9.8805815352e-04	
            4.3	              0	              0	            0.2	 1	   0.0000000000e+00	   0.0000000000e+00	   1.0001024924e-03	   9.5715076128e-06	   9.9053098521e-04	
            4.4	              0	              0	            0.2	 1	   0.0000000000e+00	   0.0000000000e+00	   1.0001025826e-03	   7.5726491751e-06	   9.9252993387e-04	
            4.5	              0	              0	            0.2	 1	   0.0000000000e+00	   0.0000000000e+00	   1.0001026554e-03	   5.9652714358e-06	   9.9413738445e-04	
            4.6	              0	              0	            0.2	 1	   0.0000000000e+00	   0.0000000000e+00	   1.0001027139e-03	   4.6792351764e-06	   9.9542347930e-04	
            4.7	              0	              0	            0.2	 1	   0.0000000000e+00	   0.0000000000e+00	   1.0001027609e-03	   3.6553407732e-06	   9.9644742070e-04	
            4.8	              0	              0	            0.2	 1	   0.0000000000e+00	   0.0000000000e+00	   1.0001027984e-03	   2.8440282013e-06	   9.9725877089e-04	
            4.9	              0	              0	            0.2	 1	   0.0000000000e+00	   0.0000000000e+00	   1.0001028284e-03	   2.2041255246e-06	   9.9789870358e-04	
              5	              0	              0	            0.2	 1	   0.0000000000e+00	   0.0000000000e+00	   1.0001028523e-03	   1.7016773157e-06	   9.9840117572e-04	
            5.1	              0	              0	            0.2	 1	   0.0000000000e+00	   0.0000000000e+00	   1.0001028713e-03	   1.3088724919e-06	   9.9879399960e-04	
            5.2	              0	              0	            0.2	 1	   0.0000000000e+00	   0.0000000000e+00	   1.0001028868e-03	   1.0030815756e-06	   9.9909980614e-04	
            5.3	              0	              0	            0.2	 1	   0.0000000000e+00	   0.0000000000e+00	   1.0001029004e-03	   7.6600617205e-07	   9.9933689526e-04	
            5.4	              0	              0	            0.2	 1	   0.0000000000e+00	   0.0000000000e+00	   1.0001029085e-03	   5.8293820755e-07	   9.9951997131e-04	
            5.5	              0	              0	            0.2	 1	   0.0000000000e+00	   0.0000000000e+00	   1.0001029214e-03	   4.4212288864e-07	   9.9966079976e-04	
            5.6	              0	              0	            0.2	 1	   0.0000000000e+00	   0.0000000000e+00	   1.0001029214e-03	   3.3421701880e-07	   9.9976870545e-04	
            5.7	              0	              0	            0.2	 1	   0.0000000000e+00	   0.0000000000e+00	   1.0001029203e-03	   2.5183320759e-07	   9.9985108798e-04	
            5.8	              0	              0	            0.2	 1	   0.0000000000e+00	   0.0000000000e+00	   1.0001029186e-03	   1.8915988556e-07	   9.9991375949e-04	
            5.9	              0	              0	            0.2	 1	   0.0000000000e+00	   0.0000000000e+00	   1.0001029168e-03	   1.4164733810e-07	   9.9996127003e-04	
              6	              0	              0	            0.2	 1	   0.0000000000e+00	   0.0000000000e+00	   1.0001029149e-03	   1.0575036121e-07	   9.9999716503e-04	
            6.1	              0	              0	            0.2	 1	   0.0000000000e+00	   0.0000000000e+00	   1.0001029132e-03	   7.8718925397e-08	   1.0000241946e-03	
            6.2	              0	              0	            0.2	 1	   0.0000000000e+00	   0.0000000000e+00	   1.0001029116e-03	   5.8429097771e-08	   1.0000444828e-03	
            6.3	              0	              0	            0.2	 1	   0.0000000000e+00	   0.0000000000e+00	   1.0001029103e-03	   4.3247391127e-08	   1.0000596632e-03	
            6.4	              0	              0	            0.2	 1	   0.0000000000e+00	   0.0000000000e+00	   1.0001029092e-03	   3.1922616960e-08	   1.0000709868e-03	
            6.5	              0	              0	            0.2	 1	   0.0000000000e+00	   0.0000000000e+00	   1.0001029083e-03	   2.3500180667e-08	   1.0000794082e-03	
            6.6	              0	              0	            0.2	 1	   0.0000000000e+00	   0.0000000000e+00	   1.0001029075e-03	   1.7254547003e-08	   1.0000856531e-03	
            6.7	              0	              0	            0.2	 1	   0.0000000000e+00	   0.0000000000e+00	   1.0001029069e-03	   1.2636310967e-08	   1.0000902707e-03	
            6.8	              0	              0	            0.2	 1	   0.0000000000e+00	   0.0000000000e+00	   1.0001029064e-03	   9.2309292711e-09	   1.0000936755e-03	
            6.9	              0	              0	            0.2	 1	   0.0000000000e+00	   0.0000000000e+00	   1.0001029060e-03	   6.7267020894e-09	   1.0000961794e-03	
              7	              0	              0	            0.2	 1	   0.0000000000e+00	   0.0000000000e+00	   1.0001029057e-03	   4.8900489146e-09	   1.0000980157e-03	
            7.1	              0	              0	            0.2	 1	   0.0000000000e+00	   0.0000000000e+00	   1.0001029055e-03	   3.5465033152e-09	   1.0000993590e-03	
            7.2	              0	              0	            0.2	 1	   0.0000000000e+00	   0.0000000000e+00	   1.0001029053e-03	   2.5661673249e-09	   1.0001003392e-03	
            7.3	              0	              0	            0.2	 1	   0.0000000000e+00	   0.0000000000e+00	   1.0001029052e-03	   1.8526256003e-09	   1.0001010526e-03	
            7.4	              0	              0	            0.2	 1	   0.0000000000e+00	   0.0000000000e+00	   1.0001029051e-03	   1.3345304821e-09	   1.0001015706e-03	
            7.5	              0	              0	            0.2	 1	   0.0000000000e+00	   0.0000000000e+00	   1.0001029050e-03	   9.5923929521e-10	   1.0001019458e-03	
            7.6	              0	              0	            0.2	 1	   0.0000000000e+00	   0.0000000000e+00	   1.0001029050e-03	   6.8802144237e-10	   1.0001022170e-03	
            7.7	              0	              0	            0.2	 1	   0.0000000000e+00	   0.0000000000e+00	   1.0001029049e-03	   4.9246108614e-10	   1.0001024125e-03	
            7.8	              0	              0	            0.2	 1	   0.0000000000e+00	   0.0000000000e+00	   1.0001029049e-03	   3.5176664978e-10	   1.0001025531e-03	
            7.9	              0	              0	            0.2	 1	   0.0000000000e+00	   0.0000000000e+00	   1.0001029049e-03	   2.5076537476e-10	   1.0001026541e-03	
              8	              0	              0	            0.2	 1	   0.0000000000e+00	   0.0000000000e+00	   1.0001029049e-03	   1.7841342101e-10	   1.0001027265e-03	
            8.1	              0	              0	            0.2	 1	   0.0000000000e+00	   0.0000000000e+00	   1.0001029049e-03	   1.2669250680e-10	   1.0001027782e-03	
            8.2	              0	              0	            0.2	 1	   0.0000000000e+00	   0.0000000000e+00	   1.0001029048e-03	   8.9795331537e-11	   1.0001028151e-03	
            8.3	              0	              0	            0.2	 1	   0.0000000000e+00	   0.0000000000e+00	   1.0001029048e-03	   6.3526003509e-11	   1.0001028413e-03	
            8.4	              0	              0	            0.2	 1	   0.0000000000e+00	   0.0000000000e+00	   1.0001029048e-03	   4.4860009698e-11	   1.0001028600e-03	
            8.5	              0	              0	            0.2	 1	   0.0000000000e+00	   0.0000000000e+00	   1.0001029048e-03	   3.1622189991e-11	   1.0001028732e-03	
            8.6	              0	              0	            0.2	 1	   0.0000000000e+00	   0.0000000000e+00	   1.0001029048e-03	   2.2251719720e-11	   1.0001028825e-03	
            8.7	              0	              0	            0.2	 1	   0.0000000000e+00	   0.0000000000e+00	   1.0001029048e-03	   1.5631051705e-11	   1.0001028891e-03	
            8.8	              0	              0	            0.2	 1	   0.0000000000e+00	   0.0000000000e+00	   1.0001029047e-03	   1.0961736468e-11	   1.0001028938e-03	
            8.9	              0	              0	            0.2	 1	   0.0000000000e+00	   0.0000000000e+00	   1.0001029047e-03	   7.6745029881e-12	   1.0001028971e-03	
              9	              0	              0	            0.2	 1	   0.0000000000e+00	   0.0000000000e+00	   1.0001029047e-03	   5.3643091376e-12	   1.0001028994e-03	
            9.1	              0	              0	            0.2	 1	   0.0000000000e+00	   0.0000000000e+00	   1.0001029047e-03	   3.7435415354e-12	   1.0001029010e-03	
            9.2	              0	              0	            0.2	 1	   0.0000000000e+00	   0.0000000000e+00	   1.0001029047e-03	   2.6083733221e-12	   1.0001029021e-03	
            9.3	              0	              0	            0.2	 1	   0.0000000000e+00	   0.0000000000e+00	   1.0001029047e-03	   1.8146381399e-12	   1.0001029029e-03	
            9.4	              0	              0	            0.2	 1	   0.0000000000e+00	   0.0000000000e+00	   1.0001029047e-03	   1.2605733286e-12	   1.0001029034e-03	
            9.5	              0	              0	            0.2	 1	   0.0000000000e+00	   0.0000000000e+00	   1.0001029047e-03	   8.7452101766e-13	   1.0001029038e-03	
            9.6	              0	              0	            0.2	 1	   0.0000000000e+00	   0.0000000000e+00	   1.0001029047e-03	   6.0623225139e-13	   1.0001029041e-03	
            9.7	              0	              0	            0.2	 1	   0.0000000000e+00	   0.0000000000e+00	   1.0001029047e-03	   4.2087923813e-13	   1.0001029043e-03	
            9.8	              0	              0	            0.2	 1	   0.0000000000e+00	   0.0000000000e+00	   1.0001029047e-03	   2.9537255552e-13	   1.0001029044e-03	
            9.9	              0	              0	            0.2	 1	   0.0000000000e+00	   0.0000000000e+00	   1.0001029047e-03	   2.1739151448e-13	   1.0001029045e-03	
             10	              0	              0	            0.2	 1	   0.0000000000e+00	   0.0000000000e+00	   1.0001029047e-03	   1.8943484633e-13	   1.0001029045e-03	
              0	              0	              0	            0.4	 1	   0.0000000000e+00	   0.0000000000e+00	   1.0000584518e-03	   1.0000098396e-03	   4.8612269507e-08	
            0.1	              0	              0	            0.4	 1	   0.0000000000e+00	   0.0000000000e+00	   1.0000584566e-03	   9.9996628953e-04	   9.2167137195e-08	
            0.2	              0	              0	            0.4	 1	   0.0000000000e+00	   0.0000000000e+00	   1.0000584635e-03	   9.9989834030e-04	   1.6012336361e-07	
            0.3	              0	              0	            0.4	 1	   0.0000000000e+00	   0.0000000000e+00	   1.0000584729e-03	   9.9979559905e-04	   2.6287415859e-07	
            0.4	              0	              0	            0.4	 1	   0.0000000000e+00	   0.0000000000e+00	   1.0000584851e-03	   9.9964427212e-04	   4.1421329685e-07	
            0.5	              0	              0	            0.4	 1	   0.0000000000e+00	   0.0000000000e+00	   1.0000584994e-03	   9.9942638669e-04	   6.3211317684e-07	
            0.6	              0	              0	            0.4	 1	   0.0000000000e+00	   0.0000000000e+00	   1.0000585143e-03	   9.9911893737e-04	   9.3957744286e-07	
            0.7	              0	              0	            0.4	 1	   0.0000000000e+00	   0.0000000000e+00	   1.0000585222e-03	   9.9869297878e-04	   1.3655436966e-06	
            0.8	              0	              0	            0.4	 1	   0.0000000000e+00	   0.0000000000e+00	   1.0000585462e-03	   9.9811274505e-04	   1.9458013791e-06	
            0.9	              0	              0	            0.4	 1	   0.0000000000e+00	   0.0000000000e+00	   1.0000585791e-03	   9.9733470029e-04	   2.7238789999e-06	
              1	              0	              0	            0.4	 1	   0.0000000000e+00	   0.0000000000e+00	   1.0000586232e-03	   9.9630677803e-04	   3.7518453608e-06	
            1.1	              0	              0	            0.4	 1	   0.0000000000e+00	   0.0000000000e+00	   1.0000586813e-03	   9.9496772058e-04	   5.0909608924e-06	
            1.2	              0	              0	            0.4	 1	   0.0000000000e+00	   0.0000000000e+00	   1.0000587566e-03	   9.9324664656e-04	   6.8121101295e-06	
            1.3	              0	              0	            0.4	 1	   0.0000000000e+00	   0.0000000000e+00	   1.0000588525e-03	   9.9106290776e-04	   8.9959448461e-06	
            1.4	              0	              0	            0.4	 1	   0.0000000000e+00	   0.0000000000e+00	   1.0000589732e-03	   9.8832630260e-04	   1.1732670643e-05	
            1.5	              0	              0	            0.4	 1	   0.0000000000e+00	   0.0000000000e+00	   1.0000591229e-03	   9.8493770468e-04	   1.5121418313e-05	
            1.6	              0	              0	            0.4	 1	   0.0000000000e+00	   0.0000000000e+00	   1.0000593065e-03	   9.8079015134e-04	   1.9269155266e-05	
            1.7	              0	              0	            0.4	 1	   0.0000000000e+00	   0.0000000000e+00	   1.0000595290e-03	   9.7577041768e-04	   2.4289111408e-05	
            1.8	              0	              0	            0.4	 1	   0.0000000000e+00	   0.0000000000e+00	   1.0000597956e-03	   9.6976107831e-04	   3.0298717354e-05	
            1.9	              0	              0	            0.4	 1	   0.0000000000e+00	   0.0000000000e+00	   1.0000601116e-03	   9.6264303211e-04	   3.7417079508e-05	
              2	              0	              0	            0.4	 1	   0.0000000000e+00	   0.0000000000e+00	   1.0000604821e-03	   9.5429843748e-04	   4.5762044698e-05	
            2.1	              0	              0	            0.4	 1	   0.0000000000e+00	   0.0000000000e+00	   1.0000609123e-03	   9.4461397743e-04	   5.5446934933e-05	
            2.2	              0	              0	            0.4	 1	   0.0000000000e+00	   0.0000000000e+00	   1.0000614068e-03	   9.3348434858e-04	   6.6577058269e-05	
            2.3	              0	              0	            0.4	 1	   0.0000000000e+00	   0.0000000000e+00	   1.0000619698e-03	   9.2081584680e-04	   7.9246122995e-05	
            2.4	              0	              0	            0.4	 1	   0.0000000000e+00	   0.0000000000e+00	   1.0000626047e-03	   9.0652990726e-04	   9.3532697425e-05	
            2.5	              0	              0	            0.4	 1	   0.0000000000e+00	   0.0000000000e+00	   1.0000633142e-03	   8.9056644884e-04	   1.0949686535e-04	
            2.6	              0	              0	            0.4	 1	   0.0000000000e+00	   0.0000000000e+00	   1.0000641000e-03	   8.7288687336e-04	   1.2717722665e-04	
            2.7	              0	              0	            0.4	 1	   0.0000000000e+00	   0.0000000000e+00	   1.0000649628e-03	   8.5347657915e-04	   1.4658838364e-04	
            2.8	              0	              0	            0.4	 1	   0.0000000000e+00	   0.0000000000e+00	   1.0000659020e-03	   8.3234686562e-04	   1.6771903642e-04	
            2.9	              0	              0	            0.4	 1	   0.0000000000e+00	   0.0000000000e+00	   1.0000669160e-03	   8.0953612971e-04	   1.9053078632e-04	
              3	              0	              0	            0.4	 1	   0.0000000000e+00	   0.0000000000e+00	   1.0000680018e-03	   7.8511028559e-04	   2.1495771625e-04	
            3.1	              0	              0	            0.4	 1	   0.0000000000e+00	   0.0000000000e+00	   1.0000691553e-03	   7.5916237263e-04	   2.4090678271e-04	
            3.2	              0	              0	            0.4	 1	   0.0000000000e+00	   0.0000000000e+00	   1.0000703712e-03	   7.3181135284e-04	   2.6825901839e-04	
            3.3	              0	              0	            0.4	 1	   0.0000000000e+00	   0.0000000000e+00	   1.0000716431e-03	   7.0320013464e-04	   2.9687150852e-04	
            3.4	              0	              0	            0.4	 1	   0.0000000000e+00	   0.0000000000e+00	   1.0000729638e-03	   6.7349289302e-04	   3.2658007080e-04	
            3.5	              0	              0	            0.4	 1	   0.0000000000e+00	   0.0000000000e+00	   1.0000743251e-03	   6.4287178536e-04	   3.5720253978e-04	
            3.6	              0	              0	            0.4	 1	   0.0000000000e+00	   0.0000000000e+00	   1.0000757184e-03	   6.1153318543e-04	   3.8854253294e-04	
            3.7	              0	              0	            0.4	 1	   0.0000000000e+00	   0.0000000000e+00	   1.0000771343e-03	   5.7968357502e-04	   4.2039355932e-04	
            3.8	              0	              0	            0.4	 1	   0.0000000000e+00	   0.0000000000e+00	   1.0000785636e-03	   5.4753524179e-04	   4.5254332182e-04	
            3.9	              0	              0	            0.4	 1	   0.0000000000e+00	   0.0000000000e+00	   1.0000799967e-03	   5.1530193375e-04	   4.8477806293e-04	
              4	              0	              0	            0.4	 1	   0.0000000000e+00	   0.0000000000e+00	   1.0000814242e-03	   4.8319461575e-04	   5.1688680843e-04	
            4.1	              0	              0	            0.4	 1	   0.0000000000e+00	   0.0000000000e+00	   1.0000828370e-03	   4.5141746153e-04	   5.4866537549e-04	
            4.2	              0	              0	            0.4	 1	   0.0000000000e+00	   0.0000000000e+00	   1.0000842266e-03	   4.2016419820e-04	   5.7992002842e-04	
            4.3	              0	              0	            0.4	 1	   0.0000000000e+00	   0.0000000000e+00	   1.0000855849e-03	   3.8961489889e-04	   6.1047068606e-04	
            4.4	              0	              0	            0.4	 1	   0.0000000000e+00	   0.0000000000e+00	   1.0000869047e-03	   3.5993329591e-04	   6.4015360883e-04	
            4.5	              0	              0	            0.4	 1	   0.0000000000e+00	   0.0000000000e+00	   1.0000881795e-03	   3.3126466188e-04	   6.6882351765e-04	
            4.6	              0	              0	            0.4	 1	   0.0000000000e+00	   0.0000000000e+00	   1.0000894037e-03	   3.0373428163e-04	   6.9635512214e-04	
            4.7	              0	              0	            0.4	 1	   0.0000000000e+00	   0.0000000000e+00	   1.0000905727e-03	   2.7744651422e-04	   7.2264405859e-04	
            4.8	              0	              0	            0.4	 1	   0.0000000000e+00	   0.0000000000e+00	   1.0000916829e-03	   2.5248442364e-04	   7.4760725932e-04	
            4.9	              0	              0	            0.4	 1	   0.0000000000e+00	   0.0000000000e+00	   1.0000927314e-03	   2.2890993809e-04	   7.7118279338e-04	
              5	              0	              0	            0.4	 1	   0.0000000000e+00	   0.0000000000e+00	   1.0000937164e-03	   2.0676448409e-04	   7.9332923242e-04	
            5.1	              0	              0	            0.4	 1	   0.0000000000e+00	   0.0000000000e+00	   1.0000946369e-03	   1.8607003007e-04	   8.1402460702e-04	
            5.2	              0	              0	            0.4	 1	   0.0000000000e+00	   0.0000000000e+00	   1.0000954929e-03	   1.6683046804e-04	   8.3326502500e-04	
            5.3	              0	              0	            0.4	 1	   0.0000000000e+00	   0.0000000000e+00	   1.0000962847e-03	   1.4903325821e-04	   8.5106302673e-04	
            5.4	              0	              0	            0.4	 1	   0.0000000000e+00	   0.0000000000e+00	   1.0000970138e-03	   1.3265126166e-04	   8.6744575231e-04	
            5.5	              0	              0	            0.4	 1	   0.0000000000e+00	   0.0000000000e+00	   1.0000976817e-03	   1.1764468943e-04	   8.8245299248e-04	
            5.6	              0	              0	            0.4	 1	   0.0000000000e+00	   0.0000000000e+00	   1.0000982907e-03	   1.0396310126e-04	   8.9613518976e-04	
            5.7	              0	              0	            0.4	 1	   0.0000000000e+00	   0.0000000000e+00	   1.0000988436e-03	   9.1547394688e-05	   9.0855144921e-04	
            5.8	              0	              0	            0.4	 1	   0.0000000000e+00	   0.0000000000e+00	   1.0000993432e-03	   8.0331733372e-05	   9.1976761012e-04	
            5.9	              0	              0	            0.4	 1	   0.0000000000e+00	   0.0000000000e+00	   1.0000997926e-03	   7.0245372425e-05	   9.2985442052e-04	
              6	              0	              0	            0.4	 1	   0.0000000000e+00	   0.0000000000e+00	   1.0001001951e-03	   6.1214347882e-05	   9.3888584765e-04	
            6.1	              0	              0	            0.4	 1	   0.0000000000e+00	   0.0000000000e+00	   1.0001005542e-03	   5.3163006257e-05	   9.4693754838e-04	
            6.2	              0	              0	            0.4	 1	   0.0000000000e+00	   0.0000000000e+00	   1.0001008732e-03	   4.6015358633e-05	   9.5408551499e-04	
            6.3	              0	              0	            0.4	 1	   0.0000000000e+00	   0.0000000000e+00	   1.0001011553e-03	   3.9696251344e-05	   9.6040490450e-04	
            6.4	              0	              0	            0.4	 1	   0.0000000000e+00	   0.0000000000e+00	   1.0001014040e-03	   3.4132351974e-05	   9.6596905257e-04	
            6.5	              0	              0	            0.4	 1	   0.0000000000e+00	   0.0000000000e+00	   1.0001016223e-03	   2.9252955007e-05	   9.7084866788e-04	
            6.6	              0	              0	            0.4	 1	   0.0000000000e+00	   0.0000000000e+00	   1.0001018132e-03	   2.4990615987e-05	   9.7511119786e-04	
            6.7	              0	              0	            0.4	 1	   0.0000000000e+00	   0.0000000000e+00	   1.0001019796e-03	   2.1281626459e-05	   9.7882035381e-04	
            6.8	              0	              0	            0.4	 1	   0.0000000000e+00	   0.0000000000e+00	   1.0001021241e-03	   1.8066344445e-05	   9.8203578037e-04	
            6.9	              0	              0	            0.4	 1	   0.0000000000e+00	   0.0000000000e+00	   1.0001022491e-03	   1.5289396674e-05	   9.8481285325e-04	
              7	              0	              0	            0.4	 1	   0.0000000000e+00	   0.0000000000e+00	   1.0001023570e-03	   1.2899769542e-05	   9.8720258834e-04	
            7.1	              0	              0	            0.4	 1	   0.0000000000e+00	   0.0000000000e+00	   1.0001024498e-03	   1.0850805808e-05	   9.8925164495e-04	
            7.2	              0	              0	            0.4	 1	   0.0000000000e+00	   0.0000000000e+00	   1.0001025295e-03	   9.1001235115e-06	   9.9100240692e-04	
            7.3	              0	              0	            0.4	 1	   0.0000000000e+00	   0.0000000000e+00	   1.0001025976e-03	   7.6094726965e-06	   9.9249312592e-04	
            7.4	              0	              0	            0.4	 1	   0.0000000000e+00	   0.0000000000e+00	   1.0001026557e-03	   6.3445442712e-06	   9.9375811257e-04	
            7.5	              0	              0	            0.4	 1	   0.0000000000e+00	   0.0000000000e+00	   1.0001027053e-03	   5.2747439021e-06	   9.9482796254e-04	
            7.6	              0	              0	            0.4	 1	   0.0000000000e+00	   0.0000000000e+00	   1.0001027474e-03	   4.3729422965e-06	   9.9572980636e-04	
            7.7	              0	              0	            0.4	 1	   0.0000000000e+00	   0.0000000000e+00	   1.0001027832e-03	   3.6152116452e-06	   9.9648757287e-04	
            7.8	              0	              0	            0.4	 1	   0.0000000000e+00	   0.0000000000e+00	   1.0001028136e-03	   2.9805564376e-06	   9.9712225853e-04	
            7.9	              0	              0	            0.4	 1	   0.0000000000e+00	   0.0000000000e+00	   1.0001028394e-03	   2.4506453834e-06	   9.9765219543e-04	
              8	              0	              0	            0.4	 1	   0.0000000000e+00	   0.0000000000e+00	   1.0001028612e-03	   2.0095498012e-06	   9.9809331297e-04	
            8.1	              0	              0	            0.4	 1	   0.0000000000e+00	   0.0000000000e+00	   1.0001028798e-03	   1.6434925854e-06	   9.9845938883e-04	
            8.2	              0	              0	            0.4	 1	   0.0000000000e+00	   0.0000000000e+00	   1.0001028955e-03	   1.3406107691e-06	   9.9876228638e-04	
            8.3	              0	              0	            0.4	 1	   0.0000000000e+00	   0.0000000000e+00	   1.0001029090e-03	   1.0907337414e-06	   9.9901217703e-04	
            8.4	              0	              0	            0.4	 1	   0.0000000000e+00	   0.0000000000e+00	   1.0001029214e-03	   8.8517837456e-07	   9.9921774485e-04	
            8.5	              0	              0	            0.4	 1	   0.0000000000e+00	   0.0000000000e+00	   1.0001029288e-03	   7.1656164294e-07	   9.9938636900e-04	
            8.6	              0	              0	            0.4	 1	   0.0000000000e+00	   0.0000000000e+00	   1.0001029407e-03	   5.7863080217e-07	   9.9952431194e-04	
            8.7	              0	              0	            0.4	 1	   0.0000000000e+00	   0.0000000000e+00	   1.0001029406e-03	   4.6611070418e-07	   9.9963683177e-04	
            8.8	              0	              0	            0.4	 1	   0.0000000000e+00	   0.0000000000e+00	   1.0001029390e-03	   3.7456765638e-07	   9.9972837307e-04	
            8.9	              0	              0	            0.4	 1	   0.0000000000e+00	   0.0000000000e+00	   1.0001029366e-03	   3.0028879557e-07	   9.9980264929e-04	
              9	              0	              0	            0.4	 1	   0.0000000000e+00	   0.0000000000e+00	   1.0001029337e-03	   2.4017601449e-07	   9.9986275895e-04	
            9.1	              0	              0	            0.4	 1	   0.0000000000e+00	   0.0000000000e+00	   1.0001029305e-03	   1.9165328561e-07	   9.9991127839e-04	
            9.2	              0	              0	            0.4	 1	   0.0000000000e+00	   0.0000000000e+00	   1.0001029274e-03	   1.5258630219e-07	   9.9995034209e-04	
            9.3	              0	              0	            0.4	 1	   0.0000000000e+00	   0.0000000000e+00	   1.0001029244e-03	   1.2121352293e-07	   9.9998171175e-04	
            9.4	              0	              0	            0.4	 1	   0.0000000000e+00	   0.0000000000e+00	   1.0001029217e-03	   9.6088177319e-08	   1.0000068342e-03	
            9.5	              0	              0	            0.4	 1	   0.0000000000e+00	   0.0000000000e+00	   1.0001029192e-03	   7.6031959128e-08	   1.0000268878e-03	
            9.6	              0	              0	            0.4	 1	   0.0000000000e+00	   0.0000000000e+00	   1.0001029170e-03	   6.0104040377e-08	   1.0000428134e-03	
            9.7	              0	              0	            0.4	 1	   0.0000000000e+00	   0.0000000000e+00	   1.0001029151e-03	   4.7596299800e-08	   1.0000553192e-03	
            9.8	              0	              0	            0.4	 1	   0.0000000000e+00	   0.0000000000e+00	   1.0001029135e-03	   3.8083901734e-08	   1.0000648300e-03	
            9.9	              0	              0	            0.4	 1	   0.0000000000e+00	   0.0000000000e+00	   1.0001029124e-03	   3.1606240186e-08	   1.0000713065e-03	
             10	              0	              0	            0.4	 1	   0.0000000000e+00	   0.0000000000e+00	   1.0001029120e-03	   2.9168566856e-08	   1.0000737437e-03	
              0	              0	              0	            0.5	 1	   0.0000000000e+00	   0.0000000000e+00	   1.0000584476e-03	   1.0000508708e-03	   7.5768007069e-09	
            0.1	              0	              0	            0.5	 1	   0.0000000000e+00	   0.0000000000e+00	   1.0000584488e-03	   1.0000440589e-03	   1.4389883295e-08	
            0.2	              0	              0	            0.5	 1	   0.0000000000e+00	   0.0000000000e+00	   1.0000584505e-03	   1.0000333330e-03	   2.5117596233e-08	
            0.3	              0	              0	            0.5	 1	   0.0000000000e+00	   0.0000000000e+00	   1.0000584531e-03	   1.0000169276e-03	   4.1525574221e-08	
            0.4	              0	              0	            0.5	 1	   0.0000000000e+00	   0.0000000000e+00	   1.0000584568e-03	   9.9999243096e-04	   6.6025933231e-08	
            0.5	              0	              0	            0.5	 1	   0.0000000000e+00	   0.0000000000e+00	   1.0000584618e-03	   9.9995659764e-04	   1.0186431586e-07	
            0.6	              0	              0	            0.5	 1	   0.0000000000e+00	   0.0000000000e+00	   1.0000584683e-03	   9.9990512350e-04	   1.5334512147e-07	
            0.7	              0	              0	            0.5	 1	   0.0000000000e+00	   0.0000000000e+00	   1.0000584767e-03	   9.9983237920e-04	   2.2609792107e-07	
            0.8	              0	              0	            0.5	 1	   0.0000000000e+00	   0.0000000000e+00	   1.0000584870e-03	   9.9973110067e-04	   3.2738681928e-07	
            0.9	              0	              0	            0.5	 1	   0.0000000000e+00	   0.0000000000e+00	   1.0000584989e-03	   9.9959203672e-04	   4.6646279688e-07	
              1	              0	              0	            0.5	 1	   0.0000000000e+00	   0.0000000000e+00	   1.0000585118e-03	   9.9940355564e-04	   6.5495682694e-07	
            1.1	              0	              0	            0.5	 1	   0.0000000000e+00	   0.0000000000e+00	   1.0000585238e-03	   9.9915121566e-04	   9.0730881942e-07	
            1.2	              0	              0	            0.5	 1	   0.0000000000e+00	   0.0000000000e+00	   1.0000585285e-03	   9.9881730475e-04	   1.2412242651e-06	
            1.3	              0	              0	            0.5	 1	   0.0000000000e+00	   0.0000000000e+00	   1.0000585460e-03	   9.9838039951e-04	   1.6781469875e-06	
            1.4	              0	              0	            0.5	 1	   0.0000000000e+00	   0.0000000000e+00	   1.0000585692e-03	   9.9781483714e-04	   2.2437325262e-06	
            1.5	              0	              0	            0.5	 1	   0.0000000000e+00	   0.0000000000e+00	   1.0000585995e-03	   9.9709029660e-04	   2.9683033180e-06	
            1.6	              0	              0	            0.5	 1	   0.0000000000e+00	   0.0000000000e+00	   1.0000586385e-03	   9.9617137575e-04	   3.8872631079e-06	
            1.7	              0	              0	            0.5	 1	   0.0000000000e+00	   0.0000000000e+00	   1.0000586880e-03	   9.9501724301e-04	   5.0414453256e-06	
            1.8	              0	              0	            0.5	 1	   0.0000000000e+00	   0.0000000000e+00	   1.0000587501e-03	   9.9358138236e-04	   6.4773680517e-06	
            1.9	              0	              0	            0.5	 1	   0.0000000000e+00	   0.0000000000e+00	   1.0000588272e-03	   9.9181146019e-04	   8.2473672460e-06	
              2	              0	              0	            0.5	 1	   0.0000000000e+00	   0.0000000000e+00	   1.0000589218e-03	   9.8964934169e-04	   1.0409580308e-05	
            2.1	              0	              0	            0.5	 1	   0.0000000000e+00	   0.0000000000e+00	   1.0000590367e-03	   9.8703128297e-04	   1.3027753975e-05	
            2.2	              0	              0	            0.5	 1	   0.0000000000e+00	   0.0000000000e+00	   1.0000591751e-03	   9.8388832117e-04	   1.6170854158e-05	
            2.3	              0	              0	            0.5	 1	   0.0000000000e+00	   0.0000000000e+00	   1.0000593403e-03	   9.8014687984e-04	   1.9912460590e-05	
            2.4	              0	              0	            0.5	 1	   0.0000000000e+00	   0.0000000000e+00	   1.0000595355e-03	   9.7572959964e-04	   2.4329936045e-05	
            2.5	              0	              0	            0.5	 1	   0.0000000000e+00	   0.0000000000e+00	   1.0000597645e-03	   9.7055639653e-04	   2.9503368116e-05	
            2.6	              0	              0	            0.5	 1	   0.0000000000e+00	   0.0000000000e+00	   1.0000600308e-03	   9.6454574002e-04	   3.5514290918e-05	
            2.7	              0	              0	            0.5	 1	   0.0000000000e+00	   0.0000000000e+00	   1.0000603381e-03	   9.5761613412e-04	   4.2444204050e-05	
            2.8	              0	              0	            0.5	 1	   0.0000000000e+00	   0.0000000000e+00	   1.0000606898e-03	   9.4968777355e-04	   5.0372916353e-05	
            2.9	              0	              0	            0.5	 1	   0.0000000000e+00	   0.0000000000e+00	   1.0000610894e-03	   9.4068433770e-04	   5.9376751806e-05	
              3	              0	              0	            0.5	 1	   0.0000000000e+00	   0.0000000000e+00	   1.0000615401e-03	   9.3053487633e-04	   6.9526663795e-05	
            3.1	              0	              0	            0.5	 1	   0.0000000000e+00	   0.0000000000e+00	   1.0000620446e-03	   9.1917573319e-04	   8.0886311415e-05	
            3.2	              0	              0	            0.5	 1	   0.0000000000e+00	   0.0000000000e+00	   1.0000626053e-03	   9.0655244838e-04	   9.3510156957e-05	
            3.3	              0	              0	            0.5	 1	   0.0000000000e+00	   0.0000000000e+00	   1.0000632242e-03	   8.9262157737e-04	   1.0744164689e-04	
            3.4	              0	              0	            0.5	 1	   0.0000000000e+00	   0.0000000000e+00	   1.0000639027e-03	   8.7735236355e-04	   1.2271153918e-04	
            3.5	              0	              0	            0.5	 1	   0.0000000000e+00	   0.0000000000e+00	   1.0000646415e-03	   8.6072820381e-04	   1.3933643768e-04	
            3.6	              0	              0	            0.5	 1	   0.0000000000e+00	   0.0000000000e+00	   1.0000654406e-03	   8.4274785135e-04	   1.5731758923e-04	
            3.7	              0	              0	            0.5	 1	   0.0000000000e+00	   0.0000000000e+00	   1.0000662993e-03	   8.2342630740e-04	   1.7663999194e-04	
            3.8	              0	              0	            0.5	 1	   0.0000000000e+00	   0.0000000000e+00	   1.0000672163e-03	   8.0279536315e-04	   1.9727185318e-04	
            3.9	              0	              0	            0.5	 1	   0.0000000000e+00	   0.0000000000e+00	   1.0000681894e-03	   7.8090376495e-04	   2.1916442445e-04	
              4	              0	              0	            0.5	 1	   0.0000000000e+00	   0.0000000000e+00	   1.0000692156e-03	   7.5781698818e-04	   2.4225222746e-04	
            4.1	              0	              0	            0.5	 1	   0.0000000000e+00	   0.0000000000e+00	   1.0000702914e-03	   7.3361661908e-04	   2.6645367234e-04	
            4.2	              0	              0	            0.5	 1	   0.0000000000e+00	   0.0000000000e+00	   1.0000714124e-03	   7.0839935699e-04	   2.9167205543e-04	
            4.3	              0	              0	            0.5	 1	   0.0000000000e+00	   0.0000000000e+00	   1.0000725737e-03	   6.8227566269e-04	   3.1779691106e-04	
            4.4	              0	              0	            0.5	 1	   0.0000000000e+00	   0.0000000000e+00	   1.0000737699e-03	   6.5536808996e-04	   3.4470568000e-04	
            4.5	              0	              0	            0.5	 1	   0.0000000000e+00	   0.0000000000e+00	   1.0000749951e-03	   6.2780934805e-04	   3.7226564708e-04	
            4.6	              0	              0	            0.5	 1	   0.0000000000e+00	   0.0000000000e+00	   1.0000762430e-03	   5.9974015067e-04	   4.0033609236e-04	
            4.7	              0	              0	            0.5	 1	   0.0000000000e+00	   0.0000000000e+00	   1.0000775071e-03	   5.7130691282e-04	   4.2877059432e-04	
            4.8	              0	              0	            0.5	 1	   0.0000000000e+00	   0.0000000000e+00	   1.0000787808e-03	   5.4265936033e-04	   4.5741942049e-04	
            4.9	              0	              0	            0.5	 1	   0.0000000000e+00	   0.0000000000e+00	   1.0000800573e-03	   5.1394811750e-04	   4.8613193984e-04	
              5	              0	              0	            0.5	 1	   0.0000000000e+00	   0.0000000000e+00	   1.0000813301e-03	   4.8532233683e-04	   5.1475899327e-04	
            5.1	              0	              0	            0.5	 1	   0.0000000000e+00	   0.0000000000e+00	   1.0000825926e-03	   4.5692743054e-04	   5.4315516209e-04	
            5.2	              0	              0	            0.5	 1	   0.0000000000e+00	   0.0000000000e+00	   1.0000838387e-03	   4.2890295813e-04	   5.7118088060e-04	
            5.3	              0	              0	            0.5	 1	   0.0000000000e+00	   0.0000000000e+00	   1.0000850625e-03	   4.0138071632e-04	   5.9870434621e-04	
            5.4	              0	              0	            0.5	 1	   0.0000000000e+00	   0.0000000000e+00	   1.0000862585e-03	   3.7448306948e-04	   6.2560318912e-04	
            5.5	              0	              0	            0.5	 1	   0.0000000000e+00	   0.0000000000e+00	   1.0000874219e-03	   3.4832154867e-04	   6.5176587332e-04	
            5.6	              0	              0	            0.5	 1	   0.0000000000e+00	   0.0000000000e+00	   1.0000885482e-03	   3.2299573824e-04	   6.7709281004e-04	
            5.7	              0	              0	            0.5	 1	   0.0000000000e+00	   0.0000000000e+00	   1.0000896335e-03	   2.9859245869e-04	   7.0149717490e-04	
            5.8	              0	              0	            0.5	 1	   0.0000000000e+00	   0.0000000000e+00	   1.0000906745e-03	   2.7518524572e-04	   7.2490542894e-04	
            5.9	              0	              0	            0.5	 1	   0.0000000000e+00	   0.0000000000e+00	   1.0000916687e-03	   2.5283411650e-04	   7.4725755233e-04	
              6	              0	              0	            0.5	 1	   0.0000000000e+00	   0.0000000000e+00	   1.0000926139e-03	   2.3158560701e-04	   7.6850700701e-04	
            6.1	              0	              0	            0.5	 1	   0.0000000000e+00	   0.0000000000e+00	   1.0000935086e-03	   2.1147305800e-04	   7.8862045077e-04	
            6.2	              0	              0	            0.5	 1	   0.0000000000e+00	   0.0000000000e+00	   1.0000943519e-03	   1.9251712202e-04	   8.0757723013e-04	
            6.3	              0	              0	            0.5	 1	   0.0000000000e+00	   0.0000000000e+00	   1.0000951436e-03	   1.7472646066e-04	   8.2536868311e-04	
            6.4	              0	              0	            0.5	 1	   0.0000000000e+00	   0.0000000000e+00	   1.0000958835e-03	   1.5809859870e-04	   8.4199728507e-04	
            6.5	              0	              0	            0.5	 1	   0.0000000000e+00	   0.0000000000e+00	   1.0000965724e-03	   1.4262090110e-04	   8.5747567158e-04	
            6.6	              0	              0	            0.5	 1	   0.0000000000e+00	   0.0000000000e+00	   1.0000972112e-03	   1.2827163895e-04	   8.7182557253e-04	
            6.7	              0	              0	            0.5	 1	   0.0000000000e+00	   0.0000000000e+00	   1.0000978012e-03	   1.1502111171e-04	   8.8507668979e-04	
            6.8	              0	              0	            0.5	 1	   0.0000000000e+00	   0.0000000000e+00	   1.0000983440e-03	   1.0283279538e-04	   8.9726554896e-04	
            6.9	              0	              0	            0.5	 1	   0.0000000000e+00	   0.0000000000e+00	   1.0000988415e-03	   9.1664488873e-05	   9.0843435303e-04	
              7	              0	              0	            0.5	 1	   0.0000000000e+00	   0.0000000000e+00	   1.0000992958e-03	   8.1469434149e-05	   9.1862986211e-04	
            7.1	              0	              0	            0.5	 1	   0.0000000000e+00	   0.0000000000e+00	   1.0000997092e-03	   7.2197389551e-05	   9.2790232009e-04	
            7.2	              0	              0	            0.5	 1	   0.0000000000e+00	   0.0000000000e+00	   1.0001000839e-03	   6.3795639169e-05	   9.3630444522e-04	
            7.3	              0	              0	            0.5	 1	   0.0000000000e+00	   0.0000000000e+00	   1.0001004224e-03	   5.6209925114e-05	   9.4389049781e-04	
            7.4	              0	              0	            0.5	 1	   0.0000000000e+00	   0.0000000000e+00	   1.0001007271e-03	   4.9385293076e-05	   9.5071543460e-04	
            7.5	              0	              0	            0.5	 1	   0.0000000000e+00	   0.0000000000e+00	   1.0001010005e-03	   4.3266845010e-05	   9.5683415609e-04	
            7.6	              0	              0	            0.5	 1	   0.0000000000e+00	   0.0000000000e+00	   1.0001012449e-03	   3.7800395884e-05	   9.6230084972e-04	
            7.7	              0	              0	            0.5	 1	   0.0000000000e+00	   0.0000000000e+00	   1.0001014628e-03	   3.2933034162e-05	   9.6716842937e-04	
            7.8	              0	              0	            0.5	 1	   0.0000000000e+00	   0.0000000000e+00	   1.0001016564e-03	   2.8613588066e-05	   9.7148806909e-04	
            7.9	              0	              0	            0.5	 1	   0.0000000000e+00	   0.0000000000e+00	   1.0001018278e-03	   2.4793001583e-05	   9.7530882709e-04	
              8	              0	              0	            0.5	 1	   0.0000000000e+00	   0.0000000000e+00	   1.0001019792e-03	   2.1424625738e-05	   9.7867735441e-04	
            8.1	              0	              0	            0.5	 1	   0.0000000000e+00	   0.0000000000e+00	   1.0001021126e-03	   1.8464431785e-05	   9.8163768175e-04	
            8.2	              0	              0	            0.5	 1	   0.0000000000e+00	   0.0000000000e+00	   1.0001022297e-03	   1.5871153769e-05	   9.8423107690e-04	
            8.3	              0	              0	            0.5	 1	   0.0000000000e+00	   0.0000000000e+00	   1.0001023322e-03	   1.3606368377e-05	   9.8649596489e-04	
            8.4	              0	              0	            0.5	 1	   0.0000000000e+00	   0.0000000000e+00	   1.0001024218e-03	   1.1634520148e-05	   9.8846790275e-04	
            8.5	              0	              0	            0.5	 1	   0.0000000000e+00	   0.0000000000e+00	   1.0001024998e-03	   9.9229000867e-06	   9.9017960094e-04	
            8.6	              0	              0	            0.5	 1	   0.0000000000e+00	   0.0000000000e+00	   1.0001025677e-03	   8.4415854414e-06	   9.9166098355e-04	
            8.7	              0	              0	            0.5	 1	   0.0000000000e+00	   0.0000000000e+00	   1.0001026266e-03	   7.1633480260e-06	   9.9293927996e-04	
            8.8	              0	              0	            0.5	 1	   0.0000000000e+00	   0.0000000000e+00	   1.0001026777e-03	   6.0635379737e-06	   9.9403914116e-04	
            8.9	              0	              0	            0.5	 1	   0.0000000000e+00	   0.0000000000e+00	   1.0001027219e-03	   5.1199493401e-06	   9.9498277406e-04	
              9	              0	              0	            0.5	 1	   0.0000000000e+00	   0.0000000000e+00	   1.0001027601e-03	   4.3126736314e-06	   9.9579008805e-04	
            9.1	              0	              0	            0.5	 1	   0.0000000000e+00	   0.0000000000e+00	   1.0001027931e-03	   3.6239474564e-06	   9.9647884730e-04	
            9.2	              0	              0	            0.5	 1	   0.0000000000e+00	   0.0000000000e+00	   1.0001028216e-03	   3.0380017650e-06	   9.9706482156e-04	
            9.3	              0	              0	            0.5	 1	   0.0000000000e+00	   0.0000000000e+00	   1.0001028462e-03	   2.5409241914e-06	   9.9756192379e-04	
            9.4	              0	              0	            0.5	 1	   0.0000000000e+00	   0.0000000000e+00	   1.0001028674e-03	   2.1205567875e-06	   9.9798231248e-04	
            9.5	              0	              0	            0.5	 1	   0.0000000000e+00	   0.0000000000e+00	   1.0001028857e-03	   1.7664783105e-06	   9.9833640937e-04	
            9.6	              0	              0	            0.5	 1	   0.0000000000e+00	   0.0000000000e+00	   1.0001029017e-03	   1.4701857436e-06	   9.9863271807e-04	
            9.7	              0	              0	            0.5	 1	   0.0000000000e+00	   0.0000000000e+00	   1.0001029162e-03	   1.2257476789e-06	   9.9887717070e-04	
            9.8	              0	              0	            0.5	 1	   0.0000000000e+00	   0.0000000000e+00	   1.0001029298e-03	   1.0315808987e-06	   9.9907135124e-04	
            9.9	              0	              0	            0.5	 1	   0.0000000000e+00	   0.0000000000e+00	   1.0001029381e-03	   8.9490607463e-07	   9.9920803444e-04	
             10	              0	              0	            0.5	 1	   0.0000000000e+00	   0.0000000000e+00	   1.0001029410e-03	   8.4259273153e-07	   9.9926035073e-04	
