              x	              y	              z	           time	in	          Cl	
              0              0              0           1000	 1	  9.9994e-01	
             10	              0              0           1000	 1	  9.9989e-01	
             20	              0              0           1000	 1	  9.9979e-01	
             30	              0              0           1000	 1	  9.9957e-01	
             40	              0              0           1000	 1	  9.9916e-01	
             50	              0              0           1000	 1	  9.9839e-01	
             60	              0              0           1000	 1	  9.9699e-01	
             70	              0              0           1000	 1	  9.9453e-01	
             80	              0              0           1000	 1	  9.9036e-01	
             90	              0              0           1000	 1	  9.8355e-01	
            100	              0              0           1000	 1	  9.7280e-01	
            110	              0              0           1000	 1	  9.5651e-01	
            120	              0              0           1000	 1	  9.3279e-01	
            130	              0              0           1000	 1	  8.9968e-01	
            140	              0              0           1000	 1	  8.5545e-01	
            150	              0              0           1000	 1	  7.9904e-01	
            160	              0              0           1000	 1	  7.3039e-01	
            170	              0              0           1000	 1	  6.5087e-01	
            180	              0              0           1000	 1	  5.6328e-01	
            190	              0              0           1000	 1	  4.7171e-01	
            200	              0              0           1000	 1	  3.8095e-01	
            210	              0              0           1000	 1	  2.9576e-01	
            220	              0              0           1000	 1	  2.2015e-01	
            230	              0              0           1000	 1	  1.5672e-01	
            240	              0              0           1000	 1	  1.0647e-01	
            250	              0              0           1000	 1	  6.8920e-02	
            260	              0              0           1000	 1	  4.2446e-02	
            270	              0              0           1000	 1	  2.4862e-02	
            280	              0              0           1000	 1	  1.3916e-02	
            290	              0              0           1000	 1	  7.7754e-03	
            300	              0              0           1000	 1	  5.7014e-03	
              0             10	              0           1000	 1	  9.9989e-01	
             10	             10	              0           1000	 1	  9.9985e-01	
             20	             10	              0           1000	 1	  9.9973e-01	
             30	             10	              0           1000	 1	  9.9950e-01	
             40	             10	              0           1000	 1	  9.9906e-01	
             50	             10	              0           1000	 1	  9.9825e-01	
             60	             10	              0           1000	 1	  9.9679e-01	
             70	             10	              0           1000	 1	  9.9425e-01	
             80	             10	              0           1000	 1	  9.8996e-01	
             90	             10	              0           1000	 1	  9.8297e-01	
            100	             10	              0           1000	 1	  9.7200e-01	
            110	             10	              0           1000	 1	  9.5543e-01	
            120	             10	              0           1000	 1	  9.3137e-01	
            130	             10	              0           1000	 1	  8.9788e-01	
            140	             10	              0           1000	 1	  8.5327e-01	
            150	             10	              0           1000	 1	  7.9648e-01	
            160	             10	              0           1000	 1	  7.2753e-01	
            170	             10	              0           1000	 1	  6.4781e-01	
            180	             10	              0           1000	 1	  5.6016e-01	
            190	             10	              0           1000	 1	  4.6868e-01	
            200	             10	              0           1000	 1	  3.7815e-01	
            210	             10	              0           1000	 1	  2.9331e-01	
            220	             10	              0           1000	 1	  2.1811e-01	
            230	             10	              0           1000	 1	  1.5512e-01	
            240	             10	              0           1000	 1	  1.0529e-01	
            250	             10	              0           1000	 1	  6.8085e-02	
            260	             10	              0           1000	 1	  4.1891e-02	
            270	             10	              0           1000	 1	  2.4514e-02	
            280	             10	              0           1000	 1	  1.3709e-02	
            290	             10	              0           1000	 1	  7.6524e-03	
            300	             10	              0           1000	 1	  5.6081e-03	
              0             20	              0           1000	 1	  9.9979e-01	
             10	             20	              0           1000	 1	  9.9973e-01	
             20	             20	              0           1000	 1	  9.9958e-01	
             30	             20	              0           1000	 1	  9.9930e-01	
             40	             20	              0           1000	 1	  9.9878e-01	
             50	             20	              0           1000	 1	  9.9785e-01	
             60	             20	              0           1000	 1	  9.9620e-01	
             70	             20	              0           1000	 1	  9.9339e-01	
             80	             20	              0           1000	 1	  9.8873e-01	
             90	             20	              0           1000	 1	  9.8124e-01	
            100	             20	              0           1000	 1	  9.6961e-01	
            110	             20	              0           1000	 1	  9.5220e-01	
            120	             20	              0           1000	 1	  9.2716e-01	
            130	             20	              0           1000	 1	  8.9257e-01	
            140	             20	              0           1000	 1	  8.4682e-01	
            150	             20	              0           1000	 1	  7.8896e-01	
            160	             20	              0           1000	 1	  7.1912e-01	
            170	             20	              0           1000	 1	  6.3883e-01	
            180	             20	              0           1000	 1	  5.5102e-01	
            190	             20	              0           1000	 1	  4.5982e-01	
            200	             20	              0           1000	 1	  3.6999e-01	
            210	             20	              0           1000	 1	  2.8618e-01	
            220	             20	              0           1000	 1	  2.1220e-01	
            230	             20	              0           1000	 1	  1.5048e-01	
            240	             20	              0           1000	 1	  1.0185e-01	
            250	             20	              0           1000	 1	  6.5675e-02	
            260	             20	              0           1000	 1	  4.0295e-02	
            270	             20	              0           1000	 1	  2.3514e-02	
            280	             20	              0           1000	 1	  1.3113e-02	
            290	             20	              0           1000	 1	  7.2997e-03	
            300	             20	              0           1000	 1	  5.3408e-03	
              0             30	              0           1000	 1	  9.9957e-01	
             10	             30	              0           1000	 1	  9.9950e-01	
             20	             30	              0           1000	 1	  9.9930e-01	
             30	             30	              0           1000	 1	  9.9893e-01	
             40	             30	              0           1000	 1	  9.9826e-01	
             50	             30	              0           1000	 1	  9.9711e-01	
             60	             30	              0           1000	 1	  9.9514e-01	
             70	             30	              0           1000	 1	  9.9187e-01	
             80	             30	              0           1000	 1	  9.8657e-01	
             90	             30	              0           1000	 1	  9.7821e-01	
            100	             30	              0           1000	 1	  9.6546e-01	
            110	             30	              0           1000	 1	  9.4667e-01	
            120	             30	              0           1000	 1	  9.1999e-01	
            130	             30	              0           1000	 1	  8.8361e-01	
            140	             30	              0           1000	 1	  8.3602e-01	
            150	             30	              0           1000	 1	  7.7645e-01	
            160	             30	              0           1000	 1	  7.0524e-01	
            170	             30	              0           1000	 1	  6.2410e-01	
            180	             30	              0           1000	 1	  5.3611e-01	
            190	             30	              0           1000	 1	  4.4545e-01	
            200	             30	              0           1000	 1	  3.5682e-01	
            210	             30	              0           1000	 1	  2.7473e-01	
            220	             30	              0           1000	 1	  2.0277e-01	
            230	             30	              0           1000	 1	  1.4312e-01	
            240	             30	              0           1000	 1	  9.6408e-02	
            250	             30	              0           1000	 1	  6.1877e-02	
            260	             30	              0           1000	 1	  3.7790e-02	
            270	             30	              0           1000	 1	  2.1951e-02	
            280	             30	              0           1000	 1	  1.2186e-02	
            290	             30	              0           1000	 1	  6.7531e-03	
            300	             30	              0           1000	 1	  4.9277e-03	
              0             40	              0           1000	 1	  9.9916e-01	
             10	             40	              0           1000	 1	  9.9906e-01	
             20	             40	              0           1000	 1	  9.9878e-01	
             30	             40	              0           1000	 1	  9.9826e-01	
             40	             40	              0           1000	 1	  9.9737e-01	
             50	             40	              0           1000	 1	  9.9587e-01	
             60	             40	              0           1000	 1	  9.9341e-01	
             70	             40	              0           1000	 1	  9.8945e-01	
             80	             40	              0           1000	 1	  9.8319e-01	
             90	             40	              0           1000	 1	  9.7357e-01	
            100	             40	              0           1000	 1	  9.5921e-01	
            110	             40	              0           1000	 1	  9.3846e-01	
            120	             40	              0           1000	 1	  9.0951e-01	
            130	             40	              0           1000	 1	  8.7067e-01	
            140	             40	              0           1000	 1	  8.2060e-01	
            150	             40	              0           1000	 1	  7.5879e-01	
            160	             40	              0           1000	 1	  6.8585e-01	
            170	             40	              0           1000	 1	  6.0373e-01	
            180	             40	              0           1000	 1	  5.1567e-01	
            190	             40	              0           1000	 1	  4.2592e-01	
            200	             40	              0           1000	 1	  3.3908e-01	
            210	             40	              0           1000	 1	  2.5942e-01	
            220	             40	              0           1000	 1	  1.9024e-01	
            230	             40	              0           1000	 1	  1.3341e-01	
            240	             40	              0           1000	 1	  8.9293e-02	
            250	             40	              0           1000	 1	  5.6944e-02	
            260	             40	              0           1000	 1	  3.4556e-02	
            270	             40	              0           1000	 1	  1.9947e-02	
            280	             40	              0           1000	 1	  1.1004e-02	
            290	             40	              0           1000	 1	  6.0601e-03	
            300	             40	              0           1000	 1	  4.4056e-03	
              0             50	              0           1000	 1	  9.9839e-01	
             10	             50	              0           1000	 1	  9.9825e-01	
             20	             50	              0           1000	 1	  9.9785e-01	
             30	             50	              0           1000	 1	  9.9711e-01	
             40	             50	              0           1000	 1	  9.9587e-01	
             50	             50	              0           1000	 1	  9.9388e-01	
             60	             50	              0           1000	 1	  9.9071e-01	
             70	             50	              0           1000	 1	  9.8576e-01	
             80	             50	              0           1000	 1	  9.7818e-01	
             90	             50	              0           1000	 1	  9.6685e-01	
            100	             50	              0           1000	 1	  9.5034e-01	
            110	             50	              0           1000	 1	  9.2702e-01	
            120	             50	              0           1000	 1	  8.9518e-01	
            130	             50	              0           1000	 1	  8.5325e-01	
            140	             50	              0           1000	 1	  8.0017e-01	
            150	             50	              0           1000	 1	  7.3573e-01	
            160	             50	              0           1000	 1	  6.6086e-01	
            170	             50	              0           1000	 1	  5.7780e-01	
            180	             50	              0           1000	 1	  4.8999e-01	
            190	             50	              0           1000	 1	  4.0166e-01	
            200	             50	              0           1000	 1	  3.1728e-01	
            210	             50	              0           1000	 1	  2.4081e-01	
            220	             50	              0           1000	 1	  1.7517e-01	
            230	             50	              0           1000	 1	  1.2185e-01	
            240	             50	              0           1000	 1	  8.0889e-02	
            250	             50	              0           1000	 1	  5.1168e-02	
            260	             50	              0           1000	 1	  3.0802e-02	
            270	             50	              0           1000	 1	  1.7640e-02	
            280	             50	              0           1000	 1	  9.6547e-03	
            290	             50	              0           1000	 1	  5.2753e-03	
            300	             50	              0           1000	 1	  3.8169e-03	
              0             60	              0           1000	 1	  9.9699e-01	
             10	             60	              0           1000	 1	  9.9679e-01	
             20	             60	              0           1000	 1	  9.9620e-01	
             30	             60	              0           1000	 1	  9.9514e-01	
             40	             60	              0           1000	 1	  9.9341e-01	
             50	             60	              0           1000	 1	  9.9071e-01	
             60	             60	              0           1000	 1	  9.8655e-01	
             70	             60	              0           1000	 1	  9.8026e-01	
             80	             60	              0           1000	 1	  9.7093e-01	
             90	             60	              0           1000	 1	  9.5736e-01	
            100	             60	              0           1000	 1	  9.3813e-01	
            110	             60	              0           1000	 1	  9.1164e-01	
            120	             60	              0           1000	 1	  8.7629e-01	
            130	             60	              0           1000	 1	  8.3075e-01	
            140	             60	              0           1000	 1	  7.7426e-01	
            150	             60	              0           1000	 1	  7.0697e-01	
            160	             60	              0           1000	 1	  6.3021e-01	
            170	             60	              0           1000	 1	  5.4649e-01	
            180	             60	              0           1000	 1	  4.5942e-01	
            190	             60	              0           1000	 1	  3.7319e-01	
            200	             60	              0           1000	 1	  2.9204e-01	
            210	             60	              0           1000	 1	  2.1954e-01	
            220	             60	              0           1000	 1	  1.5815e-01	
            230	             60	              0           1000	 1	  1.0894e-01	
            240	             60	              0           1000	 1	  7.1619e-02	
            250	             60	              0           1000	 1	  4.4867e-02	
            260	             60	              0           1000	 1	  2.6751e-02	
            270	             60	              0           1000	 1	  1.5175e-02	
            280	             60	              0           1000	 1	  8.2275e-03	
            290	             60	              0           1000	 1	  4.4533e-03	
            300	             60	              0           1000	 1	  3.2040e-03	
              0             70	              0           1000	 1	  9.9453e-01	
             10	             70	              0           1000	 1	  9.9425e-01	
             20	             70	              0           1000	 1	  9.9339e-01	
             30	             70	              0           1000	 1	  9.9187e-01	
             40	             70	              0           1000	 1	  9.8945e-01	
             50	             70	              0           1000	 1	  9.8576e-01	
             60	             70	              0           1000	 1	  9.8026e-01	
             70	             70	              0           1000	 1	  9.7221e-01	
             80	             70	              0           1000	 1	  9.6061e-01	
             90	             70	              0           1000	 1	  9.4425e-01	
            100	             70	              0           1000	 1	  9.2169e-01	
            110	             70	              0           1000	 1	  8.9144e-01	
            120	             70	              0           1000	 1	  8.5206e-01	
            130	             70	              0           1000	 1	  8.0251e-01	
            140	             70	              0           1000	 1	  7.4240e-01	
            150	             70	              0           1000	 1	  6.7231e-01	
            160	             70	              0           1000	 1	  5.9394e-01	
            170	             70	              0           1000	 1	  5.1010e-01	
            180	             70	              0           1000	 1	  4.2449e-01	
            190	             70	              0           1000	 1	  3.4119e-01	
            200	             70	              0           1000	 1	  2.6409e-01	
            210	             70	              0           1000	 1	  1.9634e-01	
            220	             70	              0           1000	 1	  1.3986e-01	
            230	             70	              0           1000	 1	  9.5259e-02	
            240	             70	              0           1000	 1	  6.1924e-02	
            250	             70	              0           1000	 1	  3.8361e-02	
            260	             70	              0           1000	 1	  2.2620e-02	
            270	             70	              0           1000	 1	  1.2691e-02	
            280	             70	              0           1000	 1	  6.8064e-03	
            290	             70	              0           1000	 1	  3.6443e-03	
            300	             70	              0           1000	 1	  2.6048e-03	
              0             80	              0           1000	 1	  9.9036e-01	
             10	             80	              0           1000	 1	  9.8996e-01	
             20	             80	              0           1000	 1	  9.8873e-01	
             30	             80	              0           1000	 1	  9.8657e-01	
             40	             80	              0           1000	 1	  9.8319e-01	
             50	             80	              0           1000	 1	  9.7818e-01	
             60	             80	              0           1000	 1	  9.7093e-01	
             70	             80	              0           1000	 1	  9.6061e-01	
             80	             80	              0           1000	 1	  9.4620e-01	
             90	             80	              0           1000	 1	  9.2645e-01	
            100	             80	              0           1000	 1	  8.9999e-01	
            110	             80	              0           1000	 1	  8.6545e-01	
            120	             80	              0           1000	 1	  8.2165e-01	
            130	             80	              0           1000	 1	  7.6790e-01	
            140	             80	              0           1000	 1	  7.0424e-01	
            150	             80	              0           1000	 1	  6.3167e-01	
            160	             80	              0           1000	 1	  5.5229e-01	
            170	             80	              0           1000	 1	  4.6912e-01	
            180	             80	              0           1000	 1	  3.8589e-01	
            190	             80	              0           1000	 1	  3.0646e-01	
            200	             80	              0           1000	 1	  2.3431e-01	
            210	             80	              0           1000	 1	  1.7202e-01	
            220	             80	              0           1000	 1	  1.2099e-01	
            230	             80	              0           1000	 1	  8.1368e-02	
            240	             80	              0           1000	 1	  5.2227e-02	
            250	             80	              0           1000	 1	  3.1949e-02	
            260	             80	              0           1000	 1	  1.8606e-02	
            270	             80	              0           1000	 1	  1.0311e-02	
            280	             80	              0           1000	 1	  5.4624e-03	
            290	             80	              0           1000	 1	  2.8890e-03	
            300	             80	              0           1000	 1	  2.0497e-03	
              0             90	              0           1000	 1	  9.8355e-01	
             10	             90	              0           1000	 1	  9.8297e-01	
             20	             90	              0           1000	 1	  9.8124e-01	
             30	             90	              0           1000	 1	  9.7821e-01	
             40	             90	              0           1000	 1	  9.7357e-01	
             50	             90	              0           1000	 1	  9.6685e-01	
             60	             90	              0           1000	 1	  9.5736e-01	
             70	             90	              0           1000	 1	  9.4425e-01	
             80	             90	              0           1000	 1	  9.2645e-01	
             90	             90	              0           1000	 1	  9.0275e-01	
            100	             90	              0           1000	 1	  8.7189e-01	
            110	             90	              0           1000	 1	  8.3270e-01	
            120	             90	              0           1000	 1	  7.8432e-01	
            130	             90	              0           1000	 1	  7.2647e-01	
            140	             90	              0           1000	 1	  6.5963e-01	
            150	             90	              0           1000	 1	  5.8526e-01	
            160	             90	              0           1000	 1	  5.0576e-01	
            170	             90	              0           1000	 1	  4.2432e-01	
            180	             90	              0           1000	 1	  3.4455e-01	
            190	             90	              0           1000	 1	  2.6999e-01	
            200	             90	              0           1000	 1	  2.0361e-01	
            210	             90	              0           1000	 1	  1.4742e-01	
            220	             90	              0           1000	 1	  1.0225e-01	
            230	             90	              0           1000	 1	  6.7804e-02	
            240	             90	              0           1000	 1	  4.2915e-02	
            250	             90	              0           1000	 1	  2.5890e-02	
            260	             90	              0           1000	 1	  1.4871e-02	
            270	             90	              0           1000	 1	  8.1301e-03	
            280	             90	              0           1000	 1	  4.2491e-03	
            290	             90	              0           1000	 1	  2.2172e-03	
            300	             90	              0           1000	 1	  1.5601e-03	
              0            100	              0           1000	 1	  9.7280e-01	
             10	            100	              0           1000	 1	  9.7200e-01	
             20	            100	              0           1000	 1	  9.6961e-01	
             30	            100	              0           1000	 1	  9.6546e-01	
             40	            100	              0           1000	 1	  9.5921e-01	
             50	            100	              0           1000	 1	  9.5034e-01	
             60	            100	              0           1000	 1	  9.3813e-01	
             70	            100	              0           1000	 1	  9.2169e-01	
             80	            100	              0           1000	 1	  8.9999e-01	
             90	            100	              0           1000	 1	  8.7189e-01	
            100	            100	              0           1000	 1	  8.3630e-01	
            110	            100	              0           1000	 1	  7.9234e-01	
            120	            100	              0           1000	 1	  7.3953e-01	
            130	            100	              0           1000	 1	  6.7802e-01	
            140	            100	              0           1000	 1	  6.0876e-01	
            150	            100	              0           1000	 1	  5.3360e-01	
            160	            100	              0           1000	 1	  4.5517e-01	
            170	            100	              0           1000	 1	  3.7669e-01	
            180	            100	              0           1000	 1	  3.0156e-01	
            190	            100	              0           1000	 1	  2.3287e-01	
            200	            100	              0           1000	 1	  1.7301e-01	
            210	            100	              0           1000	 1	  1.2338e-01	
            220	            100	              0           1000	 1	  8.4278e-02	
            230	            100	              0           1000	 1	  5.5039e-02	
            240	            100	              0           1000	 1	  3.4310e-02	
            250	            100	              0           1000	 1	  2.0388e-02	
            260	            100	              0           1000	 1	  1.1537e-02	
            270	            100	              0           1000	 1	  6.2148e-03	
            280	            100	              0           1000	 1	  3.2007e-03	
            290	            100	              0           1000	 1	  1.6458e-03	
            300	            100	              0           1000	 1	  1.1476e-03	
              0            110	              0           1000	 1	  9.5651e-01	
             10	            110	              0           1000	 1	  9.5543e-01	
             20	            110	              0           1000	 1	  9.5220e-01	
             30	            110	              0           1000	 1	  9.4667e-01	
             40	            110	              0           1000	 1	  9.3846e-01	
             50	            110	              0           1000	 1	  9.2702e-01	
             60	            110	              0           1000	 1	  9.1164e-01	
             70	            110	              0           1000	 1	  8.9144e-01	
             80	            110	              0           1000	 1	  8.6545e-01	
             90	            110	              0           1000	 1	  8.3270e-01	
            100	            110	              0           1000	 1	  7.9234e-01	
            110	            110	              0           1000	 1	  7.4384e-01	
            120	            110	              0           1000	 1	  6.8713e-01	
            130	            110	              0           1000	 1	  6.2281e-01	
            140	            110	              0           1000	 1	  5.5227e-01	
            150	            110	              0           1000	 1	  4.7764e-01	
            160	            110	              0           1000	 1	  4.0169e-01	
            170	            110	              0           1000	 1	  3.2753e-01	
            180	            110	              0           1000	 1	  2.5819e-01	
            190	            110	              0           1000	 1	  1.9624e-01	
            200	            110	              0           1000	 1	  1.4347e-01	
            210	            110	              0           1000	 1	  1.0066e-01	
            220	            110	              0           1000	 1	  6.7639e-02	
            230	            110	              0           1000	 1	  4.3454e-02	
            240	            110	              0           1000	 1	  2.6649e-02	
            250	            110	              0           1000	 1	  1.5581e-02	
            260	            110	              0           1000	 1	  8.6768e-03	
            270	            110	              0           1000	 1	  4.6006e-03	
            280	            110	              0           1000	 1	  2.3323e-03	
            290	            110	              0           1000	 1	  1.1805e-03	
            300	            110	              0           1000	 1	  8.1516e-04	
              0            120	              0           1000	 1	  9.3279e-01	
             10	            120	              0           1000	 1	  9.3137e-01	
             20	            120	              0           1000	 1	  9.2716e-01	
             30	            120	              0           1000	 1	  9.1999e-01	
             40	            120	              0           1000	 1	  9.0951e-01	
             50	            120	              0           1000	 1	  8.9518e-01	
             60	            120	              0           1000	 1	  8.7629e-01	
             70	            120	              0           1000	 1	  8.5206e-01	
             80	            120	              0           1000	 1	  8.2165e-01	
             90	            120	              0           1000	 1	  7.8432e-01	
            100	            120	              0           1000	 1	  7.3953e-01	
            110	            120	              0           1000	 1	  6.8713e-01	
            120	            120	              0           1000	 1	  6.2748e-01	
            130	            120	              0           1000	 1	  5.6162e-01	
            140	            120	              0           1000	 1	  4.9126e-01	
            150	            120	              0           1000	 1	  4.1874e-01	
            160	            120	              0           1000	 1	  3.4680e-01	
            170	            120	              0           1000	 1	  2.7829e-01	
            180	            120	              0           1000	 1	  2.1578e-01	
            190	            120	              0           1000	 1	  1.6126e-01	
            200	            120	              0           1000	 1	  1.1589e-01	
            210	            120	              0           1000	 1	  7.9907e-02	
            220	            120	              0           1000	 1	  5.2767e-02	
            230	            120	              0           1000	 1	  3.3314e-02	
            240	            120	              0           1000	 1	  2.0079e-02	
            250	            120	              0           1000	 1	  1.1540e-02	
            260	            120	              0           1000	 1	  6.3180e-03	
            270	            120	              0           1000	 1	  3.2942e-03	
            280	            120	              0           1000	 1	  1.6424e-03	
            290	            120	              0           1000	 1	  8.1746e-04	
            300	            120	              0           1000	 1	  5.5863e-04	
              0            130	              0           1000	 1	  8.9968e-01	
             10	            130	              0           1000	 1	  8.9788e-01	
             20	            130	              0           1000	 1	  8.9257e-01	
             30	            130	              0           1000	 1	  8.8361e-01	
             40	            130	              0           1000	 1	  8.7067e-01	
             50	            130	              0           1000	 1	  8.5325e-01	
             60	            130	              0           1000	 1	  8.3075e-01	
             70	            130	              0           1000	 1	  8.0251e-01	
             80	            130	              0           1000	 1	  7.6790e-01	
             90	            130	              0           1000	 1	  7.2647e-01	
            100	            130	              0           1000	 1	  6.7802e-01	
            110	            130	              0           1000	 1	  6.2281e-01	
            120	            130	              0           1000	 1	  5.6162e-01	
            130	            130	              0           1000	 1	  4.9582e-01	
            140	            130	              0           1000	 1	  4.2737e-01	
            150	            130	              0           1000	 1	  3.5864e-01	
            160	            130	              0           1000	 1	  2.9221e-01	
            170	            130	              0           1000	 1	  2.3053e-01	
            180	            130	              0           1000	 1	  1.7565e-01	
            190	            130	              0           1000	 1	  1.2894e-01	
            200	            130	              0           1000	 1	  9.0997e-02	
            210	            130	              0           1000	 1	  6.1608e-02	
            220	            130	              0           1000	 1	  3.9943e-02	
            230	            130	              0           1000	 1	  2.4760e-02	
            240	            130	              0           1000	 1	  1.4654e-02	
            250	            130	              0           1000	 1	  8.2712e-03	
            260	            130	              0           1000	 1	  4.4482e-03	
            270	            130	              0           1000	 1	  2.2787e-03	
            280	            130	              0           1000	 1	  1.1164e-03	
            290	            130	              0           1000	 1	  5.4595e-04	
            300	            130	              0           1000	 1	  3.6899e-04	
              0            140	              0           1000	 1	  8.5545e-01	
             10	            140	              0           1000	 1	  8.5327e-01	
             20	            140	              0           1000	 1	  8.4682e-01	
             30	            140	              0           1000	 1	  8.3602e-01	
             40	            140	              0           1000	 1	  8.2060e-01	
             50	            140	              0           1000	 1	  8.0017e-01	
             60	            140	              0           1000	 1	  7.7426e-01	
             70	            140	              0           1000	 1	  7.4240e-01	
             80	            140	              0           1000	 1	  7.0424e-01	
             90	            140	              0           1000	 1	  6.5963e-01	
            100	            140	              0           1000	 1	  6.0876e-01	
            110	            140	              0           1000	 1	  5.5227e-01	
            120	            140	              0           1000	 1	  4.9126e-01	
            130	            140	              0           1000	 1	  4.2737e-01	
            140	            140	              0           1000	 1	  3.6264e-01	
            150	            140	              0           1000	 1	  2.9932e-01	
            160	            140	              0           1000	 1	  2.3970e-01	
            170	            140	              0           1000	 1	  1.8575e-01	
            180	            140	              0           1000	 1	  1.3895e-01	
            190	            140	              0           1000	 1	  1.0011e-01	
            200	            140	              0           1000	 1	  6.9323e-02	
            210	            140	              0           1000	 1	  4.6046e-02	
            220	            140	              0           1000	 1	  2.9287e-02	
            230	            140	              0           1000	 1	  1.7811e-02	
            240	            140	              0           1000	 1	  1.0343e-02	
            250	            140	              0           1000	 1	  5.7289e-03	
            260	            140	              0           1000	 1	  3.0242e-03	
            270	            140	              0           1000	 1	  1.5210e-03	
            280	            140	              0           1000	 1	  7.3165e-04	
            290	            140	              0           1000	 1	  3.5131e-04	
            300	            140	              0           1000	 1	  2.3471e-04	
              0            150	              0           1000	 1	  7.9904e-01	
             10	            150	              0           1000	 1	  7.9648e-01	
             20	            150	              0           1000	 1	  7.8896e-01	
             30	            150	              0           1000	 1	  7.7645e-01	
             40	            150	              0           1000	 1	  7.5879e-01	
             50	            150	              0           1000	 1	  7.3573e-01	
             60	            150	              0           1000	 1	  7.0697e-01	
             70	            150	              0           1000	 1	  6.7231e-01	
             80	            150	              0           1000	 1	  6.3167e-01	
             90	            150	              0           1000	 1	  5.8526e-01	
            100	            150	              0           1000	 1	  5.3360e-01	
            110	            150	              0           1000	 1	  4.7764e-01	
            120	            150	              0           1000	 1	  4.1874e-01	
            130	            150	              0           1000	 1	  3.5864e-01	
            140	            150	              0           1000	 1	  2.9932e-01	
            150	            150	              0           1000	 1	  2.4280e-01	
            160	            150	              0           1000	 1	  1.9095e-01	
            170	            150	              0           1000	 1	  1.4524e-01	
            180	            150	              0           1000	 1	  1.0659e-01	
            190	            150	              0           1000	 1	  7.5316e-02	
            200	            150	              0           1000	 1	  5.1136e-02	
            210	            150	              0           1000	 1	  3.3300e-02	
            220	            150	              0           1000	 1	  2.0764e-02	
            230	            150	              0           1000	 1	  1.2380e-02	
            240	            150	              0           1000	 1	  7.0492e-03	
            250	            150	              0           1000	 1	  3.8292e-03	
            260	            150	              0           1000	 1	  1.9828e-03	
            270	            150	              0           1000	 1	  9.7843e-04	
            280	            150	              0           1000	 1	  4.6185e-04	
            290	            150	              0           1000	 1	  2.1758e-04	
            300	            150	              0           1000	 1	  1.4362e-04	
              0            160	              0           1000	 1	  7.3039e-01	
             10	            160	              0           1000	 1	  7.2753e-01	
             20	            160	              0           1000	 1	  7.1912e-01	
             30	            160	              0           1000	 1	  7.0524e-01	
             40	            160	              0           1000	 1	  6.8585e-01	
             50	            160	              0           1000	 1	  6.6086e-01	
             60	            160	              0           1000	 1	  6.3021e-01	
             70	            160	              0           1000	 1	  5.9394e-01	
             80	            160	              0           1000	 1	  5.5229e-01	
             90	            160	              0           1000	 1	  5.0576e-01	
            100	            160	              0           1000	 1	  4.5517e-01	
            110	            160	              0           1000	 1	  4.0169e-01	
            120	            160	              0           1000	 1	  3.4680e-01	
            130	            160	              0           1000	 1	  2.9221e-01	
            140	            160	              0           1000	 1	  2.3970e-01	
            150	            160	              0           1000	 1	  1.9095e-01	
            160	            160	              0           1000	 1	  1.4738e-01	
            170	            160	              0           1000	 1	  1.0995e-01	
            180	            160	              0           1000	 1	  7.9115e-02	
            190	            160	              0           1000	 1	  5.4792e-02	
            200	            160	              0           1000	 1	  3.6454e-02	
            210	            160	              0           1000	 1	  2.3260e-02	
            220	            160	              0           1000	 1	  1.4211e-02	
            230	            160	              0           1000	 1	  8.3020e-03	
            240	            160	              0           1000	 1	  4.6325e-03	
            250	            160	              0           1000	 1	  2.4665e-03	
            260	            160	              0           1000	 1	  1.2521e-03	
            270	            160	              0           1000	 1	  6.0590e-04	
            280	            160	              0           1000	 1	  2.8050e-04	
            290	            160	              0           1000	 1	  1.2958e-04	
            300	            160	              0           1000	 1	  8.4464e-05	
              0            170	              0           1000	 1	  6.5087e-01	
             10	            170	              0           1000	 1	  6.4781e-01	
             20	            170	              0           1000	 1	  6.3883e-01	
             30	            170	              0           1000	 1	  6.2410e-01	
             40	            170	              0           1000	 1	  6.0373e-01	
             50	            170	              0           1000	 1	  5.7780e-01	
             60	            170	              0           1000	 1	  5.4649e-01	
             70	            170	              0           1000	 1	  5.1010e-01	
             80	            170	              0           1000	 1	  4.6912e-01	
             90	            170	              0           1000	 1	  4.2432e-01	
            100	            170	              0           1000	 1	  3.7669e-01	
            110	            170	              0           1000	 1	  3.2753e-01	
            120	            170	              0           1000	 1	  2.7829e-01	
            130	            170	              0           1000	 1	  2.3053e-01	
            140	            170	              0           1000	 1	  1.8575e-01	
            150	            170	              0           1000	 1	  1.4524e-01	
            160	            170	              0           1000	 1	  1.0995e-01	
            170	            170	              0           1000	 1	  8.0416e-02	
            180	            170	              0           1000	 1	  5.6702e-02	
            190	            170	              0           1000	 1	  3.8470e-02	
            200	            170	              0           1000	 1	  2.5069e-02	
            210	            170	              0           1000	 1	  1.5665e-02	
            220	            170	              0           1000	 1	  9.3728e-03	
            230	            170	              0           1000	 1	  5.3629e-03	
            240	            170	              0           1000	 1	  2.9312e-03	
            250	            170	              0           1000	 1	  1.5290e-03	
            260	            170	              0           1000	 1	  7.6063e-04	
            270	            170	              0           1000	 1	  3.6079e-04	
            280	            170	              0           1000	 1	  1.6374e-04	
            290	            170	              0           1000	 1	  7.4143e-05	
            300	            170	              0           1000	 1	  4.7704e-05	
              0            180	              0           1000	 1	  5.6328e-01	
             10	            180	              0           1000	 1	  5.6016e-01	
             20	            180	              0           1000	 1	  5.5102e-01	
             30	            180	              0           1000	 1	  5.3611e-01	
             40	            180	              0           1000	 1	  5.1567e-01	
             50	            180	              0           1000	 1	  4.8999e-01	
             60	            180	              0           1000	 1	  4.5942e-01	
             70	            180	              0           1000	 1	  4.2449e-01	
             80	            180	              0           1000	 1	  3.8589e-01	
             90	            180	              0           1000	 1	  3.4455e-01	
            100	            180	              0           1000	 1	  3.0156e-01	
            110	            180	              0           1000	 1	  2.5819e-01	
            120	            180	              0           1000	 1	  2.1578e-01	
            130	            180	              0           1000	 1	  1.7565e-01	
            140	            180	              0           1000	 1	  1.3895e-01	
            150	            180	              0           1000	 1	  1.0659e-01	
            160	            180	              0           1000	 1	  7.9115e-02	
            170	            180	              0           1000	 1	  5.6702e-02	
            180	            180	              0           1000	 1	  3.9164e-02	
            190	            180	              0           1000	 1	  2.6020e-02	
            200	            180	              0           1000	 1	  1.6601e-02	
            210	            180	              0           1000	 1	  1.0156e-02	
            220	            180	              0           1000	 1	  5.9487e-03	
            230	            180	              0           1000	 1	  3.3324e-03	
            240	            180	              0           1000	 1	  1.7835e-03	
            250	            180	              0           1000	 1	  9.1111e-04	
            260	            180	              0           1000	 1	  4.4401e-04	
            270	            180	              0           1000	 1	  2.0636e-04	
            280	            180	              0           1000	 1	  9.1782e-05	
            290	            180	              0           1000	 1	  4.0720e-05	
            300	            180	              0           1000	 1	  2.5853e-05	
              0            190	              0           1000	 1	  4.7171e-01	
             10	            190	              0           1000	 1	  4.6868e-01	
             20	            190	              0           1000	 1	  4.5982e-01	
             30	            190	              0           1000	 1	  4.4545e-01	
             40	            190	              0           1000	 1	  4.2592e-01	
             50	            190	              0           1000	 1	  4.0166e-01	
             60	            190	              0           1000	 1	  3.7319e-01	
             70	            190	              0           1000	 1	  3.4119e-01	
             80	            190	              0           1000	 1	  3.0646e-01	
             90	            190	              0           1000	 1	  2.6999e-01	
            100	            190	              0           1000	 1	  2.3287e-01	
            110	            190	              0           1000	 1	  1.9624e-01	
            120	            190	              0           1000	 1	  1.6126e-01	
            130	            190	              0           1000	 1	  1.2894e-01	
            140	            190	              0           1000	 1	  1.0011e-01	
            150	            190	              0           1000	 1	  7.5316e-02	
            160	            190	              0           1000	 1	  5.4792e-02	
            170	            190	              0           1000	 1	  3.8470e-02	
            180	            190	              0           1000	 1	  2.6020e-02	
            190	            190	              0           1000	 1	  1.6924e-02	
            200	            190	              0           1000	 1	  1.0569e-02	
            210	            190	              0           1000	 1	  6.3281e-03	
            220	            190	              0           1000	 1	  3.6278e-03	
            230	            190	              0           1000	 1	  1.9892e-03	
            240	            190	              0           1000	 1	  1.0421e-03	
            250	            190	              0           1000	 1	  5.2128e-04	
            260	            190	              0           1000	 1	  2.4879e-04	
            270	            190	              0           1000	 1	  1.1327e-04	
            280	            190	              0           1000	 1	  4.9357e-05	
            290	            190	              0           1000	 1	  2.1449e-05	
            300	            190	              0           1000	 1	  1.3433e-05	
              0            200	              0           1000	 1	  3.8095e-01	
             10	            200	              0           1000	 1	  3.7815e-01	
             20	            200	              0           1000	 1	  3.6999e-01	
             30	            200	              0           1000	 1	  3.5682e-01	
             40	            200	              0           1000	 1	  3.3908e-01	
             50	            200	              0           1000	 1	  3.1728e-01	
             60	            200	              0           1000	 1	  2.9204e-01	
             70	            200	              0           1000	 1	  2.6409e-01	
             80	            200	              0           1000	 1	  2.3431e-01	
             90	            200	              0           1000	 1	  2.0361e-01	
            100	            200	              0           1000	 1	  1.7301e-01	
            110	            200	              0           1000	 1	  1.4347e-01	
            120	            200	              0           1000	 1	  1.1589e-01	
            130	            200	              0           1000	 1	  9.0997e-02	
            140	            200	              0           1000	 1	  6.9323e-02	
            150	            200	              0           1000	 1	  5.1136e-02	
            160	            200	              0           1000	 1	  3.6454e-02	
            170	            200	              0           1000	 1	  2.5069e-02	
            180	            200	              0           1000	 1	  1.6601e-02	
            190	            200	              0           1000	 1	  1.0569e-02	
            200	            200	              0           1000	 1	  6.4595e-03	
            210	            200	              0           1000	 1	  3.7846e-03	
            220	            200	              0           1000	 1	  2.1231e-03	
            230	            200	              0           1000	 1	  1.1392e-03	
            240	            200	              0           1000	 1	  5.8418e-04	
            250	            200	              0           1000	 1	  2.8606e-04	
            260	            200	              0           1000	 1	  1.3368e-04	
            270	            200	              0           1000	 1	  5.9611e-05	
            280	            200	              0           1000	 1	  2.5445e-05	
            290	            200	              0           1000	 1	  1.0829e-05	
            300	            200	              0           1000	 1	  6.6886e-06	
              0            210	              0           1000	 1	  2.9576e-01	
             10	            210	              0           1000	 1	  2.9331e-01	
             20	            210	              0           1000	 1	  2.8618e-01	
             30	            210	              0           1000	 1	  2.7473e-01	
             40	            210	              0           1000	 1	  2.5942e-01	
             50	            210	              0           1000	 1	  2.4081e-01	
             60	            210	              0           1000	 1	  2.1954e-01	
             70	            210	              0           1000	 1	  1.9634e-01	
             80	            210	              0           1000	 1	  1.7202e-01	
             90	            210	              0           1000	 1	  1.4742e-01	
            100	            210	              0           1000	 1	  1.2338e-01	
            110	            210	              0           1000	 1	  1.0066e-01	
            120	            210	              0           1000	 1	  7.9907e-02	
            130	            210	              0           1000	 1	  6.1608e-02	
            140	            210	              0           1000	 1	  4.6046e-02	
            150	            210	              0           1000	 1	  3.3300e-02	
            160	            210	              0           1000	 1	  2.3260e-02	
            170	            210	              0           1000	 1	  1.5665e-02	
            180	            210	              0           1000	 1	  1.0156e-02	
            190	            210	              0           1000	 1	  6.3281e-03	
            200	            210	              0           1000	 1	  3.7846e-03	
            210	            210	              0           1000	 1	  2.1696e-03	
            220	            210	              0           1000	 1	  1.1910e-03	
            230	            210	              0           1000	 1	  6.2534e-04	
            240	            210	              0           1000	 1	  3.1382e-04	
            250	            210	              0           1000	 1	  1.5042e-04	
            260	            210	              0           1000	 1	  6.8824e-05	
            270	            210	              0           1000	 1	  3.0056e-05	
            280	            210	              0           1000	 1	  1.2566e-05	
            290	            210	              0           1000	 1	  5.2365e-06	
            300	            210	              0           1000	 1	  3.1890e-06	
              0            220	              0           1000	 1	  2.2015e-01	
             10	            220	              0           1000	 1	  2.1811e-01	
             20	            220	              0           1000	 1	  2.1220e-01	
             30	            220	              0           1000	 1	  2.0277e-01	
             40	            220	              0           1000	 1	  1.9024e-01	
             50	            220	              0           1000	 1	  1.7517e-01	
             60	            220	              0           1000	 1	  1.5815e-01	
             70	            220	              0           1000	 1	  1.3986e-01	
             80	            220	              0           1000	 1	  1.2099e-01	
             90	            220	              0           1000	 1	  1.0225e-01	
            100	            220	              0           1000	 1	  8.4278e-02	
            110	            220	              0           1000	 1	  6.7639e-02	
            120	            220	              0           1000	 1	  5.2767e-02	
            130	            220	              0           1000	 1	  3.9943e-02	
            140	            220	              0           1000	 1	  2.9287e-02	
            150	            220	              0           1000	 1	  2.0764e-02	
            160	            220	              0           1000	 1	  1.4211e-02	
            170	            220	              0           1000	 1	  9.3728e-03	
            180	            220	              0           1000	 1	  5.9487e-03	
            190	            220	              0           1000	 1	  3.6278e-03	
            200	            220	              0           1000	 1	  2.1231e-03	
            210	            220	              0           1000	 1	  1.1910e-03	
            220	            220	              0           1000	 1	  6.3966e-04	
            230	            220	              0           1000	 1	  3.2866e-04	
            240	            220	              0           1000	 1	  1.6142e-04	
            250	            220	              0           1000	 1	  7.5732e-05	
            260	            220	              0           1000	 1	  3.3925e-05	
            270	            220	              0           1000	 1	  1.4509e-05	
            280	            220	              0           1000	 1	  5.9411e-06	
            290	            220	              0           1000	 1	  2.4241e-06	
            300	            220	              0           1000	 1	  1.4555e-06	
              0            230	              0           1000	 1	  1.5672e-01	
             10	            230	              0           1000	 1	  1.5512e-01	
             20	            230	              0           1000	 1	  1.5048e-01	
             30	            230	              0           1000	 1	  1.4312e-01	
             40	            230	              0           1000	 1	  1.3341e-01	
             50	            230	              0           1000	 1	  1.2185e-01	
             60	            230	              0           1000	 1	  1.0894e-01	
             70	            230	              0           1000	 1	  9.5259e-02	
             80	            230	              0           1000	 1	  8.1368e-02	
             90	            230	              0           1000	 1	  6.7804e-02	
            100	            230	              0           1000	 1	  5.5039e-02	
            110	            230	              0           1000	 1	  4.3454e-02	
            120	            230	              0           1000	 1	  3.3314e-02	
            130	            230	              0           1000	 1	  2.4760e-02	
            140	            230	              0           1000	 1	  1.7811e-02	
            150	            230	              0           1000	 1	  1.2380e-02	
            160	            230	              0           1000	 1	  8.3020e-03	
            170	            230	              0           1000	 1	  5.3629e-03	
            180	            230	              0           1000	 1	  3.3324e-03	
            190	            230	              0           1000	 1	  1.9892e-03	
            200	            230	              0           1000	 1	  1.1392e-03	
            210	            230	              0           1000	 1	  6.2534e-04	
            220	            230	              0           1000	 1	  3.2866e-04	
            230	            230	              0           1000	 1	  1.6525e-04	
            240	            230	              0           1000	 1	  7.9433e-05	
            250	            230	              0           1000	 1	  3.6481e-05	
            260	            230	              0           1000	 1	  1.6001e-05	
            270	            230	              0           1000	 1	  6.7015e-06	
            280	            230	              0           1000	 1	  2.6878e-06	
            290	            230	              0           1000	 1	  1.0737e-06	
            300	            230	              0           1000	 1	  6.3542e-07	
              0            240	              0           1000	 1	  1.0647e-01	
             10	            240	              0           1000	 1	  1.0529e-01	
             20	            240	              0           1000	 1	  1.0185e-01	
             30	            240	              0           1000	 1	  9.6408e-02	
             40	            240	              0           1000	 1	  8.9293e-02	
             50	            240	              0           1000	 1	  8.0889e-02	
             60	            240	              0           1000	 1	  7.1619e-02	
             70	            240	              0           1000	 1	  6.1924e-02	
             80	            240	              0           1000	 1	  5.2227e-02	
             90	            240	              0           1000	 1	  4.2915e-02	
            100	            240	              0           1000	 1	  3.4310e-02	
            110	            240	              0           1000	 1	  2.6649e-02	
            120	            240	              0           1000	 1	  2.0079e-02	
            130	            240	              0           1000	 1	  1.4654e-02	
            140	            240	              0           1000	 1	  1.0343e-02	
            150	            240	              0           1000	 1	  7.0492e-03	
            160	            240	              0           1000	 1	  4.6325e-03	
            170	            240	              0           1000	 1	  2.9312e-03	
            180	            240	              0           1000	 1	  1.7835e-03	
            190	            240	              0           1000	 1	  1.0421e-03	
            200	            240	              0           1000	 1	  5.8418e-04	
            210	            240	              0           1000	 1	  3.1382e-04	
            220	            240	              0           1000	 1	  1.6142e-04	
            230	            240	              0           1000	 1	  7.9433e-05	
            240	            240	              0           1000	 1	  3.7373e-05	
            250	            240	              0           1000	 1	  1.6803e-05	
            260	            240	              0           1000	 1	  7.2167e-06	
            270	            240	              0           1000	 1	  2.9603e-06	
            280	            240	              0           1000	 1	  1.1630e-06	
            290	            240	              0           1000	 1	  4.5488e-07	
            300	            240	              0           1000	 1	  2.6532e-07	
              0            250	              0           1000	 1	  6.8920e-02	
             10	            250	              0           1000	 1	  6.8085e-02	
             20	            250	              0           1000	 1	  6.5675e-02	
             30	            250	              0           1000	 1	  6.1877e-02	
             40	            250	              0           1000	 1	  5.6944e-02	
             50	            250	              0           1000	 1	  5.1168e-02	
             60	            250	              0           1000	 1	  4.4867e-02	
             70	            250	              0           1000	 1	  3.8361e-02	
             80	            250	              0           1000	 1	  3.1949e-02	
             90	            250	              0           1000	 1	  2.5890e-02	
            100	            250	              0           1000	 1	  2.0388e-02	
            110	            250	              0           1000	 1	  1.5581e-02	
            120	            250	              0           1000	 1	  1.1540e-02	
            130	            250	              0           1000	 1	  8.2712e-03	
            140	            250	              0           1000	 1	  5.7289e-03	
            150	            250	              0           1000	 1	  3.8292e-03	
            160	            250	              0           1000	 1	  2.4665e-03	
            170	            250	              0           1000	 1	  1.5290e-03	
            180	            250	              0           1000	 1	  9.1111e-04	
            190	            250	              0           1000	 1	  5.2128e-04	
            200	            250	              0           1000	 1	  2.8606e-04	
            210	            250	              0           1000	 1	  1.5042e-04	
            220	            250	              0           1000	 1	  7.5732e-05	
            230	            250	              0           1000	 1	  3.6481e-05	
            240	            250	              0           1000	 1	  1.6803e-05	
            250	            250	              0           1000	 1	  7.3974e-06	
            260	            250	              0           1000	 1	  3.1113e-06	
            270	            250	              0           1000	 1	  1.2501e-06	
            280	            250	              0           1000	 1	  4.8108e-07	
            290	            250	              0           1000	 1	  1.8421e-07	
            300	            250	              0           1000	 1	  1.0584e-07	
              0            260	              0           1000	 1	  4.2446e-02	
             10	            260	              0           1000	 1	  4.1891e-02	
             20	            260	              0           1000	 1	  4.0295e-02	
             30	            260	              0           1000	 1	  3.7790e-02	
             40	            260	              0           1000	 1	  3.4556e-02	
             50	            260	              0           1000	 1	  3.0802e-02	
             60	            260	              0           1000	 1	  2.6751e-02	
             70	            260	              0           1000	 1	  2.2620e-02	
             80	            260	              0           1000	 1	  1.8606e-02	
             90	            260	              0           1000	 1	  1.4871e-02	
            100	            260	              0           1000	 1	  1.1537e-02	
            110	            260	              0           1000	 1	  8.6768e-03	
            120	            260	              0           1000	 1	  6.3180e-03	
            130	            260	              0           1000	 1	  4.4482e-03	
            140	            260	              0           1000	 1	  3.0242e-03	
            150	            260	              0           1000	 1	  1.9828e-03	
            160	            260	              0           1000	 1	  1.2521e-03	
            170	            260	              0           1000	 1	  7.6063e-04	
            180	            260	              0           1000	 1	  4.4401e-04	
            190	            260	              0           1000	 1	  2.4879e-04	
            200	            260	              0           1000	 1	  1.3368e-04	
            210	            260	              0           1000	 1	  6.8824e-05	
            220	            260	              0           1000	 1	  3.3925e-05	
            230	            260	              0           1000	 1	  1.6001e-05	
            240	            260	              0           1000	 1	  7.2167e-06	
            250	            260	              0           1000	 1	  3.1113e-06	
            260	            260	              0           1000	 1	  1.2818e-06	
            270	            260	              0           1000	 1	  5.0452e-07	
            280	            260	              0           1000	 1	  1.9016e-07	
            290	            260	              0           1000	 1	  7.1238e-08	
            300	            260	              0           1000	 1	  4.0285e-08	
              0            270	              0           1000	 1	  2.4862e-02	
             10	            270	              0           1000	 1	  2.4514e-02	
             20	            270	              0           1000	 1	  2.3514e-02	
             30	            270	              0           1000	 1	  2.1951e-02	
             40	            270	              0           1000	 1	  1.9947e-02	
             50	            270	              0           1000	 1	  1.7640e-02	
             60	            270	              0           1000	 1	  1.5175e-02	
             70	            270	              0           1000	 1	  1.2691e-02	
             80	            270	              0           1000	 1	  1.0311e-02	
             90	            270	              0           1000	 1	  8.1301e-03	
            100	            270	              0           1000	 1	  6.2148e-03	
            110	            270	              0           1000	 1	  4.6006e-03	
            120	            270	              0           1000	 1	  3.2942e-03	
            130	            270	              0           1000	 1	  2.2787e-03	
            140	            270	              0           1000	 1	  1.5210e-03	
            150	            270	              0           1000	 1	  9.7843e-04	
            160	            270	              0           1000	 1	  6.0590e-04	
            170	            270	              0           1000	 1	  3.6079e-04	
            180	            270	              0           1000	 1	  2.0636e-04	
            190	            270	              0           1000	 1	  1.1327e-04	
            200	            270	              0           1000	 1	  5.9611e-05	
            210	            270	              0           1000	 1	  3.0056e-05	
            220	            270	              0           1000	 1	  1.4509e-05	
            230	            270	              0           1000	 1	  6.7015e-06	
            240	            270	              0           1000	 1	  2.9603e-06	
            250	            270	              0           1000	 1	  1.2501e-06	
            260	            270	              0           1000	 1	  5.0452e-07	
            270	            270	              0           1000	 1	  1.9453e-07	
            280	            270	              0           1000	 1	  7.1774e-08	
            290	            270	              0           1000	 1	  2.6250e-08	
            300	            270	              0           1000	 1	  1.4564e-08	
              0            280	              0           1000	 1	  1.3916e-02	
             10	            280	              0           1000	 1	  1.3709e-02	
             20	            280	              0           1000	 1	  1.3113e-02	
             30	            280	              0           1000	 1	  1.2186e-02	
             40	            280	              0           1000	 1	  1.1004e-02	
             50	            280	              0           1000	 1	  9.6547e-03	
             60	            280	              0           1000	 1	  8.2275e-03	
             70	            280	              0           1000	 1	  6.8064e-03	
             80	            280	              0           1000	 1	  5.4624e-03	
             90	            280	              0           1000	 1	  4.2491e-03	
            100	            280	              0           1000	 1	  3.2007e-03	
            110	            280	              0           1000	 1	  2.3323e-03	
            120	            280	              0           1000	 1	  1.6424e-03	
            130	            280	              0           1000	 1	  1.1164e-03	
            140	            280	              0           1000	 1	  7.3165e-04	
            150	            280	              0           1000	 1	  4.6185e-04	
            160	            280	              0           1000	 1	  2.8050e-04	
            170	            280	              0           1000	 1	  1.6374e-04	
            180	            280	              0           1000	 1	  9.1782e-05	
            190	            280	              0           1000	 1	  4.9357e-05	
            200	            280	              0           1000	 1	  2.5445e-05	
            210	            280	              0           1000	 1	  1.2566e-05	
            220	            280	              0           1000	 1	  5.9411e-06	
            230	            280	              0           1000	 1	  2.6878e-06	
            240	            280	              0           1000	 1	  1.1630e-06	
            250	            280	              0           1000	 1	  4.8108e-07	
            260	            280	              0           1000	 1	  1.9016e-07	
            270	            280	              0           1000	 1	  7.1774e-08	
            280	            280	              0           1000	 1	  2.5864e-08	
            290	            280	              0           1000	 1	  9.1655e-09	
            300	            280	              0           1000	 1	  4.9358e-09	
              0            290	              0           1000	 1	  7.7754e-03	
             10	            290	              0           1000	 1	  7.6524e-03	
             20	            290	              0           1000	 1	  7.2997e-03	
             30	            290	              0           1000	 1	  6.7531e-03	
             40	            290	              0           1000	 1	  6.0601e-03	
             50	            290	              0           1000	 1	  5.2753e-03	
             60	            290	              0           1000	 1	  4.4533e-03	
             70	            290	              0           1000	 1	  3.6443e-03	
             80	            290	              0           1000	 1	  2.8890e-03	
             90	            290	              0           1000	 1	  2.2172e-03	
            100	            290	              0           1000	 1	  1.6458e-03	
            110	            290	              0           1000	 1	  1.1805e-03	
            120	            290	              0           1000	 1	  8.1746e-04	
            130	            290	              0           1000	 1	  5.4595e-04	
            140	            290	              0           1000	 1	  3.5131e-04	
            150	            290	              0           1000	 1	  2.1758e-04	
            160	            290	              0           1000	 1	  1.2958e-04	
            170	            290	              0           1000	 1	  7.4143e-05	
            180	            290	              0           1000	 1	  4.0720e-05	
            190	            290	              0           1000	 1	  2.1449e-05	
            200	            290	              0           1000	 1	  1.0829e-05	
            210	            290	              0           1000	 1	  5.2365e-06	
            220	            290	              0           1000	 1	  2.4241e-06	
            230	            290	              0           1000	 1	  1.0737e-06	
            240	            290	              0           1000	 1	  4.5488e-07	
            250	            290	              0           1000	 1	  1.8421e-07	
            260	            290	              0           1000	 1	  7.1238e-08	
            270	            290	              0           1000	 1	  2.6250e-08	
            280	            290	              0           1000	 1	  9.1655e-09	
            290	            290	              0           1000	 1	  3.0645e-09	
            300	            290	              0           1000	 1	  1.5336e-09	
              0            300	              0           1000	 1	  5.7014e-03	
             10	            300	              0           1000	 1	  5.6081e-03	
             20	            300	              0           1000	 1	  5.3408e-03	
             30	            300	              0           1000	 1	  4.9277e-03	
             40	            300	              0           1000	 1	  4.4056e-03	
             50	            300	              0           1000	 1	  3.8169e-03	
             60	            300	              0           1000	 1	  3.2040e-03	
             70	            300	              0           1000	 1	  2.6048e-03	
             80	            300	              0           1000	 1	  2.0497e-03	
             90	            300	              0           1000	 1	  1.5601e-03	
            100	            300	              0           1000	 1	  1.1476e-03	
            110	            300	              0           1000	 1	  8.1516e-04	
            120	            300	              0           1000	 1	  5.5863e-04	
            130	            300	              0           1000	 1	  3.6899e-04	
            140	            300	              0           1000	 1	  2.3471e-04	
            150	            300	              0           1000	 1	  1.4362e-04	
            160	            300	              0           1000	 1	  8.4464e-05	
            170	            300	              0           1000	 1	  4.7704e-05	
            180	            300	              0           1000	 1	  2.5853e-05	
            190	            300	              0           1000	 1	  1.3433e-05	
            200	            300	              0           1000	 1	  6.6886e-06	
            210	            300	              0           1000	 1	  3.1890e-06	
            220	            300	              0           1000	 1	  1.4555e-06	
            230	            300	              0           1000	 1	  6.3542e-07	
            240	            300	              0           1000	 1	  2.6532e-07	
            250	            300	              0           1000	 1	  1.0584e-07	
            260	            300	              0           1000	 1	  4.0285e-08	
            270	            300	              0           1000	 1	  1.4564e-08	
            280	            300	              0           1000	 1	  4.9358e-09	
            290	            300	              0           1000	 1	  1.5336e-09	
            300	            300	              0           1000	 1	  6.7959e-10	
